state_name,city,lat,lng,DC,dc_lat,dc_lng,distance,Capacity,Cost,Demand,Color,Demand_old,dist_opt
Alabama,Excel,31.4264,-87.3433,Charlotte,35.22709,-80.84313,737.0520374,4000,73.70520374,1135,gray,1261,0
Alabama,Excel,31.4264,-87.3433,Fresno,36.74773,-119.77237,3030.342946,15000,303.0342946,1135,red,1261,0
Alabama,Excel,31.4264,-87.3433,Hamburg,40.5009,-75.9699,1435.399883,14000,143.5399883,1135,orange,1261,0
Alabama,Excel,31.4264,-87.3433,Indy,39.997263,-86.34583,957.5623526,12000,95.75623526,1135,purple,1261,0
Alabama,Excel,31.4264,-87.3433,Macon,32.84069,-83.6324,383.2672213,22000,38.32672213,1135,pink,1261,1
Alabama,Excel,31.4264,-87.3433,Olathe,38.8814,-94.81913,1071.440639,13000,107.1440639,1135,green,1261,0
Alabama,Excel,31.4264,-87.3433,SLC,40.76078,-111.89105,2427.312556,2500,242.7312556,1135,blue,1261,0
Alabama,Vina,34.3757,-88.0602,Charlotte,35.22709,-80.84313,665.7817077,4000,66.57817077,183,gray,203,0
Alabama,Vina,34.3757,-88.0602,Fresno,36.74773,-119.77237,2868.46361,15000,286.846361,183,red,203,0
Alabama,Vina,34.3757,-88.0602,Hamburg,40.5009,-75.9699,1264.821816,14000,126.4821816,183,orange,203,0
Alabama,Vina,34.3757,-88.0602,Indy,39.997263,-86.34583,643.4357289,12000,64.34357289,183,purple,203,0
Alabama,Vina,34.3757,-88.0602,Macon,32.84069,-83.6324,444.2390985,22000,44.42390985,183,pink,203,1
Alabama,Vina,34.3757,-88.0602,Olathe,38.8814,-94.81913,783.9183835,13000,78.39183835,183,green,203,0
Alabama,Vina,34.3757,-88.0602,SLC,40.76078,-111.89105,2209.551724,2500,220.9551724,183,blue,203,0
Alaska,Knik-Fairview,61.5082,-149.6252,Charlotte,35.22709,-80.84313,5518.110249,4000,551.8110249,864,gray,960,0
Alaska,Knik-Fairview,61.5082,-149.6252,Fresno,36.74773,-119.77237,3445.905811,15000,344.5905811,864,red,960,0
Alaska,Knik-Fairview,61.5082,-149.6252,Hamburg,40.5009,-75.9699,5306.806431,14000,530.6806431,864,orange,960,0
Alaska,Knik-Fairview,61.5082,-149.6252,Indy,39.997263,-86.34583,4802.764332,12000,480.2764332,864,purple,960,0
Alaska,Knik-Fairview,61.5082,-149.6252,Macon,32.84069,-83.6324,5587.237105,22000,558.7237105,864,pink,960,0
Alaska,Knik-Fairview,61.5082,-149.6252,Olathe,38.8814,-94.81913,4452.522795,13000,445.2522795,864,green,960,0
Alaska,Knik-Fairview,61.5082,-149.6252,SLC,40.76078,-111.89105,3418.112174,2500,341.8112174,864,blue,960,1
Alaska,Whittier,60.7852,-148.6455,Charlotte,35.22709,-80.84313,5466.987645,4000,546.6987645,448,gray,498,0
Alaska,Whittier,60.7852,-148.6455,Fresno,36.74773,-119.77237,3354.218342,15000,335.4218342,448,red,498,0
Alaska,Whittier,60.7852,-148.6455,Hamburg,40.5009,-75.9699,5268.066911,14000,526.8066911,448,orange,498,0
Alaska,Whittier,60.7852,-148.6455,Indy,39.997263,-86.34583,4750.57681,12000,475.057681,448,purple,498,0
Alaska,Whittier,60.7852,-148.6455,Macon,32.84069,-83.6324,5530.175668,22000,553.0175668,448,pink,498,0
Alaska,Whittier,60.7852,-148.6455,Olathe,38.8814,-94.81913,4388.595703,13000,438.8595703,448,green,498,0
Alaska,Whittier,60.7852,-148.6455,SLC,40.76078,-111.89105,3336.532248,2500,333.6532248,448,blue,498,1
Arizona,Carefree,33.8234,-111.9161,Charlotte,35.22709,-80.84313,2840.213989,4000,284.0213989,607,gray,674,0
Arizona,Carefree,33.8234,-111.9161,Fresno,36.74773,-119.77237,783.6269623,15000,78.36269623,607,red,674,1
Arizona,Carefree,33.8234,-111.9161,Hamburg,40.5009,-75.9699,3247.937771,14000,324.7937771,607,orange,674,0
Arizona,Carefree,33.8234,-111.9161,Indy,39.997263,-86.34583,2366.11404,12000,236.611404,607,purple,674,0
Arizona,Carefree,33.8234,-111.9161,Macon,32.84069,-83.6324,2622.49107,22000,262.249107,607,pink,674,0
Arizona,Carefree,33.8234,-111.9161,Olathe,38.8814,-94.81913,1628.54639,13000,162.854639,607,green,674,0
Arizona,Carefree,33.8234,-111.9161,SLC,40.76078,-111.89105,771.6467936,2500,77.16467936,607,blue,674,0
Arkansas,Avoca,36.398,-94.071,Charlotte,35.22709,-80.84313,1199.286494,4000,119.9286494,554,gray,615,0
Arkansas,Avoca,36.398,-94.071,Fresno,36.74773,-119.77237,2289.272517,15000,228.9272517,554,red,615,0
Arkansas,Avoca,36.398,-94.071,Hamburg,40.5009,-75.9699,1638.121276,14000,163.8121276,554,orange,615,0
Arkansas,Avoca,36.398,-94.071,Indy,39.997263,-86.34583,784.5972723,12000,78.45972723,554,purple,615,0
Arkansas,Avoca,36.398,-94.071,Macon,32.84069,-83.6324,1033.453902,22000,103.3453902,554,pink,615,0
Arkansas,Avoca,36.398,-94.071,Olathe,38.8814,-94.81913,283.9756947,13000,28.39756947,554,green,615,1
Arkansas,Avoca,36.398,-94.071,SLC,40.76078,-111.89105,1620.351787,2500,162.0351787,554,blue,615,0
California,Freedom,36.9403,-121.7953,Charlotte,35.22709,-80.84313,3657.799541,4000,365.7799541,399,gray,443,0
California,Freedom,36.9403,-121.7953,Fresno,36.74773,-119.77237,181.3350066,15000,18.13350066,399,red,443,1
California,Freedom,36.9403,-121.7953,Hamburg,40.5009,-75.9699,3951.825615,14000,395.1825615,399,orange,443,0
California,Freedom,36.9403,-121.7953,Indy,39.997263,-86.34583,3085.441808,12000,308.5441808,399,purple,443,0
California,Freedom,36.9403,-121.7953,Macon,32.84069,-83.6324,3488.250883,22000,348.8250883,399,pink,443,0
California,Freedom,36.9403,-121.7953,Olathe,38.8814,-94.81913,2368.520386,13000,236.8520386,399,green,443,0
California,Freedom,36.9403,-121.7953,SLC,40.76078,-111.89105,956.6245154,2500,95.66245154,399,blue,443,0
California,Kenwood,38.4153,-122.5387,Charlotte,35.22709,-80.84313,3697.964136,4000,369.7964136,257,gray,285,0
California,Kenwood,38.4153,-122.5387,Fresno,36.74773,-119.77237,306.3486012,15000,30.63486012,257,red,285,1
California,Kenwood,38.4153,-122.5387,Hamburg,40.5009,-75.9699,3959.322027,14000,395.9322027,257,orange,285,0
California,Kenwood,38.4153,-122.5387,Indy,39.997263,-86.34583,3102.944556,12000,310.2944556,257,purple,285,0
California,Kenwood,38.4153,-122.5387,Macon,32.84069,-83.6324,3544.978431,22000,354.4978431,257,pink,285,0
California,Kenwood,38.4153,-122.5387,Olathe,38.8814,-94.81913,2399.252944,13000,239.9252944,257,green,285,0
California,Kenwood,38.4153,-122.5387,SLC,40.76078,-111.89105,948.5575036,2500,94.85575036,257,blue,285,0
California,Sierra Brooks,39.6426,-120.2155,Charlotte,35.22709,-80.84313,3483.828041,4000,348.3828041,555,gray,617,0
California,Sierra Brooks,39.6426,-120.2155,Fresno,36.74773,-119.77237,324.3161974,15000,32.43161974,555,red,617,1
California,Sierra Brooks,39.6426,-120.2155,Hamburg,40.5009,-75.9699,3727.141949,14000,372.7141949,555,orange,617,0
California,Sierra Brooks,39.6426,-120.2155,Indy,39.997263,-86.34583,2876.179123,12000,287.6179123,555,purple,617,0
California,Sierra Brooks,39.6426,-120.2155,Macon,32.84069,-83.6324,3343.539951,22000,334.3539951,555,pink,617,0
California,Sierra Brooks,39.6426,-120.2155,Olathe,38.8814,-94.81913,2181.502273,13000,218.1502273,555,green,617,0
California,Sierra Brooks,39.6426,-120.2155,SLC,40.76078,-111.89105,717.7651737,2500,71.77651737,555,blue,617,0
California,Sierraville,39.575,-120.3637,Charlotte,35.22709,-80.84313,3497.095665,4000,349.7095665,877,gray,974,0
California,Sierraville,39.575,-120.3637,Fresno,36.74773,-119.77237,318.6983321,15000,31.86983321,877,red,974,1
California,Sierraville,39.575,-120.3637,Hamburg,40.5009,-75.9699,3741.429857,14000,374.1429857,877,orange,974,0
California,Sierraville,39.575,-120.3637,Indy,39.997263,-86.34583,2890.154983,12000,289.0154983,877,purple,974,0
California,Sierraville,39.575,-120.3637,Macon,32.84069,-83.6324,3356.057586,22000,335.6057586,877,pink,974,0
California,Sierraville,39.575,-120.3637,Olathe,38.8814,-94.81913,2194.924821,13000,219.4924821,877,green,974,0
California,Sierraville,39.575,-120.3637,SLC,40.76078,-111.89105,731.8208216,2500,73.18208216,877,blue,974,0
Colorado,Cathedral,38.0836,-107.0306,Charlotte,35.22709,-80.84313,2350.376956,4000,235.0376956,755,gray,839,0
Colorado,Cathedral,38.0836,-107.0306,Fresno,36.74773,-119.77237,1134.50405,15000,113.450405,755,red,839,0
Colorado,Cathedral,38.0836,-107.0306,Hamburg,40.5009,-75.9699,2673.428604,14000,267.3428604,755,orange,839,0
Colorado,Cathedral,38.0836,-107.0306,Indy,39.997263,-86.34583,1795.542656,12000,179.5542656,755,purple,839,0
Colorado,Cathedral,38.0836,-107.0306,Macon,32.84069,-83.6324,2191.913798,22000,219.1913798,755,pink,839,0
Colorado,Cathedral,38.0836,-107.0306,Olathe,38.8814,-94.81913,1066.152311,13000,106.6152311,755,green,839,0
Colorado,Cathedral,38.0836,-107.0306,SLC,40.76078,-111.89105,512.7854738,2500,51.27854738,755,blue,839,1
Colorado,Manzanola,38.1088,-103.8668,Charlotte,35.22709,-80.84313,2073.507384,4000,207.3507384,223,gray,248,0
Colorado,Manzanola,38.1088,-103.8668,Fresno,36.74773,-119.77237,1411.305631,15000,141.1305631,223,red,248,0
Colorado,Manzanola,38.1088,-103.8668,Hamburg,40.5009,-75.9699,2405.625548,14000,240.5625548,223,orange,248,0
Colorado,Manzanola,38.1088,-103.8668,Indy,39.997263,-86.34583,1525.383516,12000,152.5383516,223,purple,248,0
Colorado,Manzanola,38.1088,-103.8668,Macon,32.84069,-83.6324,1919.632616,22000,191.9632616,223,pink,248,0
Colorado,Manzanola,38.1088,-103.8668,Olathe,38.8814,-94.81913,791.9889084,13000,79.19889084,223,green,248,0
Colorado,Manzanola,38.1088,-103.8668,SLC,40.76078,-111.89105,749.4286501,2500,74.94286501,223,blue,248,1
Connecticut,Niantic,41.3258,-72.1952,Charlotte,35.22709,-80.84313,1014.113763,4000,101.4113763,34,gray,38,0
Connecticut,Niantic,41.3258,-72.1952,Fresno,36.74773,-119.77237,4090.361073,15000,409.0361073,34,red,38,0
Connecticut,Niantic,41.3258,-72.1952,Hamburg,40.5009,-75.9699,330.2561236,14000,33.02561236,34,orange,38,1
Connecticut,Niantic,41.3258,-72.1952,Indy,39.997263,-86.34583,1201.713026,12000,120.1713026,34,purple,38,0
Connecticut,Niantic,41.3258,-72.1952,Macon,32.84069,-83.6324,1383.606225,22000,138.3606225,34,pink,38,0
Connecticut,Niantic,41.3258,-72.1952,Olathe,38.8814,-94.81913,1938.263447,13000,193.8263447,34,green,38,0
Connecticut,Niantic,41.3258,-72.1952,SLC,40.76078,-111.89105,3301.243134,2500,330.1243134,34,blue,38,0
Florida,Crystal River,28.8964,-82.5991,Charlotte,35.22709,-80.84313,723.3125589,4000,72.33125589,768,gray,853,0
Florida,Crystal River,28.8964,-82.5991,Fresno,36.74773,-119.77237,3558.893008,15000,355.8893008,768,red,853,0
Florida,Crystal River,28.8964,-82.5991,Hamburg,40.5009,-75.9699,1424.917372,14000,142.4917372,768,orange,853,0
Florida,Crystal River,28.8964,-82.5991,Indy,39.997263,-86.34583,1281.329229,12000,128.1329229,768,purple,853,0
Florida,Crystal River,28.8964,-82.5991,Macon,32.84069,-83.6324,449.6687793,22000,44.96687793,768,pink,853,1
Florida,Crystal River,28.8964,-82.5991,Olathe,38.8814,-94.81913,1580.352471,13000,158.0352471,768,green,853,0
Florida,Crystal River,28.8964,-82.5991,SLC,40.76078,-111.89105,2963.083292,2500,296.3083292,768,blue,853,0
Florida,Jacksonville,30.3322,-81.6749,Charlotte,35.22709,-80.84313,549.9786484,4000,54.99786484,770,gray,856,0
Florida,Jacksonville,30.3322,-81.6749,Fresno,36.74773,-119.77237,3579.096913,15000,357.9096913,770,red,856,0
Florida,Jacksonville,30.3322,-81.6749,Hamburg,40.5009,-75.9699,1242.939631,14000,124.2939631,770,orange,856,0
Florida,Jacksonville,30.3322,-81.6749,Indy,39.997263,-86.34583,1155.427842,12000,115.5427842,770,purple,856,0
Florida,Jacksonville,30.3322,-81.6749,Macon,32.84069,-83.6324,335.0225168,22000,33.50225168,770,pink,856,1
Florida,Jacksonville,30.3322,-81.6749,Olathe,38.8814,-94.81913,1530.923098,13000,153.0923098,770,green,856,0
Florida,Jacksonville,30.3322,-81.6749,SLC,40.76078,-111.89105,2951.546149,2500,295.1546149,770,blue,856,0
Florida,Pelican Bay,26.2327,-81.8108,Charlotte,35.22709,-80.84313,1004.695436,4000,100.4695436,58,gray,64,0
Florida,Pelican Bay,26.2327,-81.8108,Fresno,36.74773,-119.77237,3757.828901,15000,375.7828901,58,red,64,0
Florida,Pelican Bay,26.2327,-81.8108,Hamburg,40.5009,-75.9699,1676.169113,14000,167.6169113,58,orange,64,0
Florida,Pelican Bay,26.2327,-81.8108,Indy,39.997263,-86.34583,1587.630297,12000,158.7630297,58,purple,64,0
Florida,Pelican Bay,26.2327,-81.8108,Macon,32.84069,-83.6324,755.8049439,22000,75.58049439,58,pink,64,1
Florida,Pelican Bay,26.2327,-81.8108,Olathe,38.8814,-94.81913,1857.782298,13000,185.7782298,58,green,64,0
Florida,Pelican Bay,26.2327,-81.8108,SLC,40.76078,-111.89105,3200.56938,2500,320.056938,58,blue,64,0
Georgia,Peachtree Corners,33.967,-84.232,Charlotte,35.22709,-80.84313,340.4470605,4000,34.04470605,1507,gray,1674,0
Georgia,Peachtree Corners,33.967,-84.232,Fresno,36.74773,-119.77237,3220.379842,15000,322.0379842,1507,red,1674,0
Georgia,Peachtree Corners,33.967,-84.232,Hamburg,40.5009,-75.9699,1030.343944,14000,103.0343944,1507,orange,1674,0
Georgia,Peachtree Corners,33.967,-84.232,Indy,39.997263,-86.34583,696.4811269,12000,69.64811269,1507,purple,1674,0
Georgia,Peachtree Corners,33.967,-84.232,Macon,32.84069,-83.6324,137.0930983,22000,13.70930983,1507,pink,1674,1
Georgia,Peachtree Corners,33.967,-84.232,Olathe,38.8814,-94.81913,1092.841667,13000,109.2841667,1507,green,1674,0
Georgia,Peachtree Corners,33.967,-84.232,SLC,40.76078,-111.89105,2547.053104,2500,254.7053104,1507,blue,1674,0
Georgia,Tignall,33.8674,-82.742,Charlotte,35.22709,-80.84313,230.5053819,4000,23.05053819,641,gray,712,0
Georgia,Tignall,33.8674,-82.742,Fresno,36.74773,-119.77237,3355.631692,15000,335.5631692,641,red,712,0
Georgia,Tignall,33.8674,-82.742,Hamburg,40.5009,-75.9699,950.4236373,14000,95.04236373,641,orange,712,0
Georgia,Tignall,33.8674,-82.742,Indy,39.997263,-86.34583,753.1775339,12000,75.31775339,641,purple,712,0
Georgia,Tignall,33.8674,-82.742,Macon,32.84069,-83.6324,141.0141334,22000,14.10141334,641,pink,712,1
Georgia,Tignall,33.8674,-82.742,Olathe,38.8814,-94.81913,1215.485169,13000,121.5485169,641,green,712,0
Georgia,Tignall,33.8674,-82.742,SLC,40.76078,-111.89105,2676.156339,2500,267.6156339,641,blue,712,0
Idaho,Cascade,44.5087,-116.0425,Charlotte,35.22709,-80.84313,3148.985959,4000,314.8985959,630,gray,700,0
Idaho,Cascade,44.5087,-116.0425,Fresno,36.74773,-119.77237,918.6093374,15000,91.86093374,630,red,700,1
Idaho,Cascade,44.5087,-116.0425,Hamburg,40.5009,-75.9699,3282.711575,14000,328.2711575,630,orange,700,0
Idaho,Cascade,44.5087,-116.0425,Indy,39.997263,-86.34583,2481.463285,12000,248.1463285,630,purple,700,0
Idaho,Cascade,44.5087,-116.0425,Macon,32.84069,-83.6324,3072.671725,22000,307.2671725,630,pink,700,0
Idaho,Cascade,44.5087,-116.0425,Olathe,38.8814,-94.81913,1864.0412,13000,186.40412,630,green,700,0
Idaho,Cascade,44.5087,-116.0425,SLC,40.76078,-111.89105,537.6115839,2500,53.76115839,630,blue,700,0
Idaho,Stites,46.0921,-115.9762,Charlotte,35.22709,-80.84313,3169.378618,4000,316.9378618,419,gray,465,0
Idaho,Stites,46.0921,-115.9762,Fresno,36.74773,-119.77237,1086.183757,15000,108.6183757,419,red,465,1
Idaho,Stites,46.0921,-115.9762,Hamburg,40.5009,-75.9699,3262.121809,14000,326.2121809,419,orange,465,0
Idaho,Stites,46.0921,-115.9762,Indy,39.997263,-86.34583,2486.050902,12000,248.6050902,419,purple,465,0
Idaho,Stites,46.0921,-115.9762,Macon,32.84069,-83.6324,3114.068141,22000,311.4068141,419,pink,465,0
Idaho,Stites,46.0921,-115.9762,Olathe,38.8814,-94.81913,1903.998471,13000,190.3998471,419,green,465,0
Idaho,Stites,46.0921,-115.9762,SLC,40.76078,-111.89105,678.4117186,2500,67.84117186,419,blue,465,0
Illinois,Onarga,40.7153,-88.0108,Charlotte,35.22709,-80.84313,875.5620922,4000,87.55620922,1129,gray,1254,0
Illinois,Onarga,40.7153,-88.0108,Fresno,36.74773,-119.77237,2775.546416,15000,277.5546416,1129,red,1254,0
Illinois,Onarga,40.7153,-88.0108,Hamburg,40.5009,-75.9699,1016.257818,14000,101.6257818,1129,orange,1254,0
Illinois,Onarga,40.7153,-88.0108,Indy,39.997263,-86.34583,162.1522897,12000,16.21522897,1129,purple,1254,1
Illinois,Onarga,40.7153,-88.0108,Macon,32.84069,-83.6324,958.476064,22000,95.8476064,1129,pink,1254,0
Illinois,Onarga,40.7153,-88.0108,Olathe,38.8814,-94.81913,616.343915,13000,61.6343915,1129,green,1254,0
Illinois,Onarga,40.7153,-88.0108,SLC,40.76078,-111.89105,2006.348824,2500,200.6348824,1129,blue,1254,0
Illinois,Secor,40.7418,-89.135,Charlotte,35.22709,-80.84313,950.3660519,4000,95.03660519,535,gray,594,0
Illinois,Secor,40.7418,-89.135,Fresno,36.74773,-119.77237,2680.753777,15000,268.0753777,535,red,594,0
Illinois,Secor,40.7418,-89.135,Hamburg,40.5009,-75.9699,1110.766517,14000,111.0766517,535,orange,594,0
Illinois,Secor,40.7418,-89.135,Indy,39.997263,-86.34583,250.4394286,12000,25.04394286,535,purple,594,1
Illinois,Secor,40.7418,-89.135,Macon,32.84069,-83.6324,1005.740844,22000,100.5740844,535,pink,594,0
Illinois,Secor,40.7418,-89.135,Olathe,38.8814,-94.81913,527.7731759,13000,52.77731759,535,green,594,0
Illinois,Secor,40.7418,-89.135,SLC,40.76078,-111.89105,1912.061187,2500,191.2061187,535,blue,594,0
Indiana,St. Leon,39.2935,-84.9641,Charlotte,35.22709,-80.84313,580.9463106,4000,58.09463106,273,gray,303,0
Indiana,St. Leon,39.2935,-84.9641,Fresno,36.74773,-119.77237,3044.400847,15000,304.4400847,273,red,303,0
Indiana,St. Leon,39.2935,-84.9641,Hamburg,40.5009,-75.9699,778.8192274,14000,77.88192274,273,orange,303,0
Indiana,St. Leon,39.2935,-84.9641,Indy,39.997263,-86.34583,141.8863676,12000,14.18863676,273,purple,303,1
Indiana,St. Leon,39.2935,-84.9641,Macon,32.84069,-83.6324,727.6361915,22000,72.76361915,273,pink,303,0
Indiana,St. Leon,39.2935,-84.9641,Olathe,38.8814,-94.81913,851.6441469,13000,85.16441469,273,green,303,0
Indiana,St. Leon,39.2935,-84.9641,SLC,40.76078,-111.89105,2290.244411,2500,229.0244411,273,blue,303,0
Iowa,Arion,41.9478,-95.4624,Charlotte,35.22709,-80.84313,1471.590019,4000,147.1590019,506,gray,562,0
Iowa,Arion,41.9478,-95.4624,Fresno,36.74773,-119.77237,2161.320738,15000,216.1320738,506,red,562,0
Iowa,Arion,41.9478,-95.4624,Hamburg,40.5009,-75.9699,1635.09992,14000,163.509992,506,orange,562,0
Iowa,Arion,41.9478,-95.4624,Indy,39.997263,-86.34583,795.3165472,12000,79.53165472,506,purple,562,0
Iowa,Arion,41.9478,-95.4624,Macon,32.84069,-83.6324,1453.008771,22000,145.3008771,506,pink,562,0
Iowa,Arion,41.9478,-95.4624,Olathe,38.8814,-94.81913,345.3950371,13000,34.53950371,506,green,562,1
Iowa,Arion,41.9478,-95.4624,SLC,40.76078,-111.89105,1375.891674,2500,137.5891674,506,blue,562,0
Iowa,Bassett,43.0617,-92.5153,Charlotte,35.22709,-80.84313,1329.336789,4000,132.9336789,759,gray,843,0
Iowa,Bassett,43.0617,-92.5153,Fresno,36.74773,-119.77237,2417.201215,15000,241.7201215,759,red,843,0
Iowa,Bassett,43.0617,-92.5153,Hamburg,40.5009,-75.9699,1399.117923,14000,139.9117923,759,orange,843,0
Iowa,Bassett,43.0617,-92.5153,Indy,39.997263,-86.34583,616.2545753,12000,61.62545753,759,purple,843,0
Iowa,Bassett,43.0617,-92.5153,Macon,32.84069,-83.6324,1376.404539,22000,137.6404539,759,pink,843,0
Iowa,Bassett,43.0617,-92.5153,Olathe,38.8814,-94.81913,503.5668068,13000,50.35668068,759,green,843,1
Iowa,Bassett,43.0617,-92.5153,SLC,40.76078,-111.89105,1620.369999,2500,162.0369999,759,blue,843,0
Iowa,Harpers Ferry,43.2006,-91.1522,Charlotte,35.22709,-80.84313,1253.482799,4000,125.3482799,15,gray,17,0
Iowa,Harpers Ferry,43.2006,-91.1522,Fresno,36.74773,-119.77237,2528.912515,15000,252.8912515,15,red,17,0
Iowa,Harpers Ferry,43.2006,-91.1522,Hamburg,40.5009,-75.9699,1291.266795,14000,129.1266795,15,orange,17,0
Iowa,Harpers Ferry,43.2006,-91.1522,Indy,39.997263,-86.34583,535.3537503,12000,53.53537503,15,purple,17,1
Iowa,Harpers Ferry,43.2006,-91.1522,Macon,32.84069,-83.6324,1326.067867,22000,132.6067867,15,pink,17,0
Iowa,Harpers Ferry,43.2006,-91.1522,Olathe,38.8814,-94.81913,570.3373626,13000,57.03373626,15,green,17,0
Iowa,Harpers Ferry,43.2006,-91.1522,SLC,40.76078,-111.89105,1731.528893,2500,173.1528893,15,blue,17,0
Iowa,Rolfe,42.8129,-94.5313,Charlotte,35.22709,-80.84313,1449.98763,4000,144.998763,1058,gray,1175,0
Iowa,Rolfe,42.8129,-94.5313,Fresno,36.74773,-119.77237,2250.76558,15000,225.076558,1058,red,1175,0
Iowa,Rolfe,42.8129,-94.5313,Hamburg,40.5009,-75.9699,1560.51381,14000,156.051381,1058,orange,1175,0
Iowa,Rolfe,42.8129,-94.5313,Indy,39.997263,-86.34583,750.8492306,12000,75.08492306,1058,purple,1175,0
Iowa,Rolfe,42.8129,-94.5313,Macon,32.84069,-83.6324,1462.762939,22000,146.2762939,1058,pink,1175,0
Iowa,Rolfe,42.8129,-94.5313,Olathe,38.8814,-94.81913,437.9693388,13000,43.79693388,1058,green,1175,1
Iowa,Rolfe,42.8129,-94.5313,SLC,40.76078,-111.89105,1455.048402,2500,145.5048402,1058,blue,1175,0
Kansas,Argonia,37.2679,-97.7629,Charlotte,35.22709,-80.84313,1532.520434,4000,153.2520434,267,gray,297,0
Kansas,Argonia,37.2679,-97.7629,Fresno,36.74773,-119.77237,1951.392821,15000,195.1392821,267,red,297,0
Kansas,Argonia,37.2679,-97.7629,Hamburg,40.5009,-75.9699,1915.695232,14000,191.5695232,267,orange,297,0
Kansas,Argonia,37.2679,-97.7629,Indy,39.997263,-86.34583,1036.555696,12000,103.6555696,267,purple,297,0
Kansas,Argonia,37.2679,-97.7629,Macon,32.84069,-83.6324,1375.900272,22000,137.5900272,267,pink,297,0
Kansas,Argonia,37.2679,-97.7629,Olathe,38.8814,-94.81913,314.0559708,13000,31.40559708,267,green,297,1
Kansas,Argonia,37.2679,-97.7629,SLC,40.76078,-111.89105,1279.627553,2500,127.9627553,267,blue,297,0
Kansas,Hill City,39.367,-99.846,Charlotte,35.22709,-80.84313,1739.644814,4000,173.9644814,428,gray,475,0
Kansas,Hill City,39.367,-99.846,Fresno,36.74773,-119.77237,1765.590265,15000,176.5590265,428,red,475,0
Kansas,Hill City,39.367,-99.846,Hamburg,40.5009,-75.9699,2034.059782,14000,203.4059782,428,orange,475,0
Kansas,Hill City,39.367,-99.846,Indy,39.997263,-86.34583,1156.661426,12000,115.6661426,428,purple,475,0
Kansas,Hill City,39.367,-99.846,Macon,32.84069,-83.6324,1624.547532,22000,162.4547532,428,pink,475,0
Kansas,Hill City,39.367,-99.846,Olathe,38.8814,-94.81913,437.0591008,13000,43.70591008,428,green,475,1
Kansas,Hill City,39.367,-99.846,SLC,40.76078,-111.89105,1036.161907,2500,103.6161907,428,blue,475,0
Kansas,Winchester,39.3226,-95.2688,Charlotte,35.22709,-80.84313,1353.774881,4000,135.3774881,270,gray,300,0
Kansas,Winchester,39.3226,-95.2688,Fresno,36.74773,-119.77237,2159.005049,15000,215.9005049,270,red,300,0
Kansas,Winchester,39.3226,-95.2688,Hamburg,40.5009,-75.9699,1648.429177,14000,164.8429177,270,orange,300,0
Kansas,Winchester,39.3226,-95.2688,Indy,39.997263,-86.34583,767.4219794,12000,76.74219794,270,purple,300,0
Kansas,Winchester,39.3226,-95.2688,Macon,32.84069,-83.6324,1268.728641,22000,126.8728641,270,pink,300,0
Kansas,Winchester,39.3226,-95.2688,Olathe,38.8814,-94.81913,62.56862623,13000,6.256862623,270,green,300,1
Kansas,Winchester,39.3226,-95.2688,SLC,40.76078,-111.89105,1422.311523,2500,142.2311523,270,blue,300,0
Kentucky,California,38.9184,-84.2636,Charlotte,35.22709,-80.84313,510.518576,4000,51.0518576,300,gray,333,0
Kentucky,California,38.9184,-84.2636,Fresno,36.74773,-119.77237,3109.082649,15000,310.9082649,300,red,333,0
Kentucky,California,38.9184,-84.2636,Hamburg,40.5009,-75.9699,730.8676287,14000,73.08676287,300,orange,333,0
Kentucky,California,38.9184,-84.2636,Indy,39.997263,-86.34583,215.3443818,12000,21.53443818,300,purple,333,1
Kentucky,California,38.9184,-84.2636,Macon,32.84069,-83.6324,678.406139,22000,67.8406139,300,pink,333,0
Kentucky,California,38.9184,-84.2636,Olathe,38.8814,-94.81913,913.2273744,13000,91.32273744,300,green,333,0
Kentucky,California,38.9184,-84.2636,SLC,40.76078,-111.89105,2358.676506,2500,235.8676506,300,blue,333,0
Kentucky,South Williamson,37.6633,-82.2879,Charlotte,35.22709,-80.84313,300.2234951,4000,30.02234951,1149,gray,1277,1
Kentucky,South Williamson,37.6633,-82.2879,Fresno,36.74773,-119.77237,3300.067051,15000,330.0067051,1149,red,1277,0
Kentucky,South Williamson,37.6633,-82.2879,Hamburg,40.5009,-75.9699,629.9955037,14000,62.99955037,1149,orange,1277,0
Kentucky,South Williamson,37.6633,-82.2879,Indy,39.997263,-86.34583,436.9870533,12000,43.69870533,1149,purple,1277,0
Kentucky,South Williamson,37.6633,-82.2879,Macon,32.84069,-83.6324,550.1241183,22000,55.01241183,1149,pink,1277,0
Kentucky,South Williamson,37.6633,-82.2879,Olathe,38.8814,-94.81913,1101.739254,13000,110.1739254,1149,green,1277,0
Kentucky,South Williamson,37.6633,-82.2879,SLC,40.76078,-111.89105,2562.088273,2500,256.2088273,1149,blue,1277,0
Maryland,Green Valley,39.3414,-77.24,Charlotte,35.22709,-80.84313,557.6530536,4000,55.76530536,339,gray,377,0
Maryland,Green Valley,39.3414,-77.24,Fresno,36.74773,-119.77237,3702.513987,15000,370.2513987,339,red,377,0
Maryland,Green Valley,39.3414,-77.24,Hamburg,40.5009,-75.9699,168.4369061,14000,16.84369061,339,orange,377,1
Maryland,Green Valley,39.3414,-77.24,Indy,39.997263,-86.34583,782.6841581,12000,78.26841581,339,purple,377,0
Maryland,Green Valley,39.3414,-77.24,Macon,32.84069,-83.6324,922.9968476,22000,92.29968476,339,pink,377,0
Maryland,Green Valley,39.3414,-77.24,Olathe,38.8814,-94.81913,1515.647789,13000,151.5647789,339,green,377,0
Maryland,Green Valley,39.3414,-77.24,SLC,40.76078,-111.89105,2935.328353,2500,293.5328353,339,blue,377,0
Maryland,Hampton,39.4237,-76.5685,Charlotte,35.22709,-80.84313,600.5379731,4000,60.05379731,735,gray,817,0
Maryland,Hampton,39.4237,-76.5685,Fresno,36.74773,-119.77237,3757.988296,15000,375.7988296,735,red,817,0
Maryland,Hampton,39.4237,-76.5685,Hamburg,40.5009,-75.9699,130.231274,14000,13.0231274,735,orange,817,1
Maryland,Hampton,39.4237,-76.5685,Indy,39.997263,-86.34583,838.6230301,12000,83.86230301,735,purple,817,0
Maryland,Hampton,39.4237,-76.5685,Macon,32.84069,-83.6324,968.2623425,22000,96.82623425,735,pink,817,0
Maryland,Hampton,39.4237,-76.5685,Olathe,38.8814,-94.81913,1572.682188,13000,157.2682188,735,green,817,0
Maryland,Hampton,39.4237,-76.5685,SLC,40.76078,-111.89105,2988.998939,2500,298.8998939,735,blue,817,0
Maryland,Millington,39.2629,-75.836,Charlotte,35.22709,-80.84313,630.7220988,4000,63.07220988,769,gray,854,0
Maryland,Millington,39.2629,-75.836,Fresno,36.74773,-119.77237,3823.113965,15000,382.3113965,769,red,854,0
Maryland,Millington,39.2629,-75.836,Hamburg,40.5009,-75.9699,138.175947,14000,13.8175947,769,orange,854,1
Maryland,Millington,39.2629,-75.836,Indy,39.997263,-86.34583,903.5103542,12000,90.35103542,769,purple,854,0
Maryland,Millington,39.2629,-75.836,Macon,32.84069,-83.6324,1000.122488,22000,100.0122488,769,pink,854,0
Maryland,Millington,39.2629,-75.836,Olathe,38.8814,-94.81913,1636.805917,13000,163.6805917,769,green,854,0
Maryland,Millington,39.2629,-75.836,SLC,40.76078,-111.89105,3054.482196,2500,305.4482196,769,blue,854,0
Maryland,Riviera Beach,39.1623,-76.5257,Charlotte,35.22709,-80.84313,581.1614293,4000,58.11614293,867,gray,963,0
Maryland,Riviera Beach,39.1623,-76.5257,Fresno,36.74773,-119.77237,3766.492649,15000,376.6492649,867,red,963,0
Maryland,Riviera Beach,39.1623,-76.5257,Hamburg,40.5009,-75.9699,156.2767453,14000,15.62767453,867,orange,963,1
Maryland,Riviera Beach,39.1623,-76.5257,Indy,39.997263,-86.34583,846.5388273,12000,84.65388273,867,purple,963,0
Maryland,Riviera Beach,39.1623,-76.5257,Macon,32.84069,-83.6324,949.8025179,22000,94.98025179,867,pink,963,0
Maryland,Riviera Beach,39.1623,-76.5257,Olathe,38.8814,-94.81913,1578.456539,13000,157.8456539,867,green,963,0
Maryland,Riviera Beach,39.1623,-76.5257,SLC,40.76078,-111.89105,2999.886718,2500,299.9886718,867,blue,963,0
Massachusetts,Malden,42.4305,-71.0576,Charlotte,35.22709,-80.84313,1165.104865,4000,116.5104865,516,gray,573,0
Massachusetts,Malden,42.4305,-71.0576,Fresno,36.74773,-119.77237,4165.507373,15000,416.5507373,516,red,573,0
Massachusetts,Malden,42.4305,-71.0576,Hamburg,40.5009,-75.9699,462.1798738,14000,46.21798738,516,orange,573,1
Massachusetts,Malden,42.4305,-71.0576,Indy,39.997263,-86.34583,1305.604746,12000,130.5604746,516,purple,573,0
Massachusetts,Malden,42.4305,-71.0576,Macon,32.84069,-83.6324,1534.544622,22000,153.4544622,516,pink,573,0
Massachusetts,Malden,42.4305,-71.0576,Olathe,38.8814,-94.81913,2036.506795,13000,203.6506795,516,green,573,0
Massachusetts,Malden,42.4305,-71.0576,SLC,40.76078,-111.89105,3368.862989,2500,336.8862989,516,blue,573,0
Michigan,Ovid,43.0031,-84.3742,Charlotte,35.22709,-80.84313,916.7987761,4000,91.67987761,782,gray,869,0
Michigan,Ovid,43.0031,-84.3742,Fresno,36.74773,-119.77237,3076.532051,15000,307.6532051,782,red,869,0
Michigan,Ovid,43.0031,-84.3742,Hamburg,40.5009,-75.9699,750.4520909,14000,75.04520909,782,orange,869,0
Michigan,Ovid,43.0031,-84.3742,Indy,39.997263,-86.34583,372.4756447,12000,37.24756447,782,purple,869,1
Michigan,Ovid,43.0031,-84.3742,Macon,32.84069,-83.6324,1132.22169,22000,113.222169,782,pink,869,0
Michigan,Ovid,43.0031,-84.3742,Olathe,38.8814,-94.81913,989.1053543,13000,98.91053543,782,green,869,0
Michigan,Ovid,43.0031,-84.3742,SLC,40.76078,-111.89105,2282.053405,2500,228.2053405,782,blue,869,0
Michigan,Owosso,42.9955,-84.176,Charlotte,35.22709,-80.84313,910.4859279,4000,91.04859279,545,gray,606,0
Michigan,Owosso,42.9955,-84.176,Fresno,36.74773,-119.77237,3092.640155,15000,309.2640155,545,red,606,0
Michigan,Owosso,42.9955,-84.176,Hamburg,40.5009,-75.9699,734.9440953,14000,73.49440953,545,orange,606,0
Michigan,Owosso,42.9955,-84.176,Indy,39.997263,-86.34583,379.3008265,12000,37.93008265,545,purple,606,1
Michigan,Owosso,42.9955,-84.176,Macon,32.84069,-83.6324,1130.517118,22000,113.0517118,545,pink,606,0
Michigan,Owosso,42.9955,-84.176,Olathe,38.8814,-94.81913,1003.515636,13000,100.3515636,545,green,606,0
Michigan,Owosso,42.9955,-84.176,SLC,40.76078,-111.89105,2298.198849,2500,229.8198849,545,blue,606,0
Michigan,Romulus,42.2237,-83.366,Charlotte,35.22709,-80.84313,808.3287387,4000,80.83287387,518,gray,575,0
Michigan,Romulus,42.2237,-83.366,Fresno,36.74773,-119.77237,3159.209582,15000,315.9209582,518,red,575,0
Michigan,Romulus,42.2237,-83.366,Hamburg,40.5009,-75.9699,646.2489896,14000,64.62489896,518,orange,575,0
Michigan,Romulus,42.2237,-83.366,Indy,39.997263,-86.34583,351.6528396,12000,35.16528396,518,purple,575,1
Michigan,Romulus,42.2237,-83.366,Macon,32.84069,-83.6324,1043.933494,22000,104.3933494,518,pink,575,0
Michigan,Romulus,42.2237,-83.366,Olathe,38.8814,-94.81913,1035.835055,13000,103.5835055,518,green,575,0
Michigan,Romulus,42.2237,-83.366,SLC,40.76078,-111.89105,2371.062448,2500,237.1062448,518,blue,575,0
Michigan,Temperance,41.7653,-83.5755,Charlotte,35.22709,-80.84313,765.0364478,4000,76.50364478,435,gray,483,0
Michigan,Temperance,41.7653,-83.5755,Fresno,36.74773,-119.77237,3143.251883,15000,314.3251883,435,red,483,0
Michigan,Temperance,41.7653,-83.5755,Hamburg,40.5009,-75.9699,652.2676291,14000,65.22676291,435,orange,483,0
Michigan,Temperance,41.7653,-83.5755,Indy,39.997263,-86.34583,304.8513834,12000,30.48513834,435,purple,483,1
Michigan,Temperance,41.7653,-83.5755,Macon,32.84069,-83.6324,992.6955767,22000,99.26955767,435,pink,483,0
Michigan,Temperance,41.7653,-83.5755,Olathe,38.8814,-94.81913,1005.086093,13000,100.5086093,435,green,483,0
Michigan,Temperance,41.7653,-83.5755,SLC,40.76078,-111.89105,2359.407637,2500,235.9407637,435,blue,483,0
Minnesota,Grand Rapids,47.238,-93.5327,Charlotte,35.22709,-80.84313,1701.725822,4000,170.1725822,288,gray,320,0
Minnesota,Grand Rapids,47.238,-93.5327,Fresno,36.74773,-119.77237,2446.359835,15000,244.6359835,288,red,320,0
Minnesota,Grand Rapids,47.238,-93.5327,Hamburg,40.5009,-75.9699,1590.226241,14000,159.0226241,288,orange,320,0
Minnesota,Grand Rapids,47.238,-93.5327,Indy,39.997263,-86.34583,990.8094955,12000,99.08094955,288,purple,320,0
Minnesota,Grand Rapids,47.238,-93.5327,Macon,32.84069,-83.6324,1806.342173,22000,180.6342173,288,pink,320,0
Minnesota,Grand Rapids,47.238,-93.5327,Olathe,38.8814,-94.81913,935.3266384,13000,93.53266384,288,green,320,1
Minnesota,Grand Rapids,47.238,-93.5327,SLC,40.76078,-111.89105,1630.666802,2500,163.0666802,288,blue,320,0
Minnesota,Kennedy,48.6441,-96.9106,Charlotte,35.22709,-80.84313,1990.420044,4000,199.0420044,810,gray,900,0
Minnesota,Kennedy,48.6441,-96.9106,Fresno,36.74773,-119.77237,2275.470391,15000,227.5470391,810,red,900,0
Minnesota,Kennedy,48.6441,-96.9106,Hamburg,40.5009,-75.9699,1881.555622,14000,188.1555622,810,orange,900,0
Minnesota,Kennedy,48.6441,-96.9106,Indy,39.997263,-86.34583,1275.025261,12000,127.5025261,810,purple,900,0
Minnesota,Kennedy,48.6441,-96.9106,Macon,32.84069,-83.6324,2077.000961,22000,207.7000961,810,pink,900,0
Minnesota,Kennedy,48.6441,-96.9106,Olathe,38.8814,-94.81913,1098.706386,13000,109.8706386,810,green,900,1
Minnesota,Kennedy,48.6441,-96.9106,SLC,40.76078,-111.89105,1469.303267,2500,146.9303267,810,blue,900,0
Minnesota,Rothsay,46.4731,-96.2842,Charlotte,35.22709,-80.84313,1797.374434,4000,179.7374434,206,gray,229,0
Minnesota,Rothsay,46.4731,-96.2842,Fresno,36.74773,-119.77237,2220.636615,15000,222.0636615,206,red,229,0
Minnesota,Rothsay,46.4731,-96.2842,Hamburg,40.5009,-75.9699,1762.50873,14000,176.250873,206,orange,229,0
Minnesota,Rothsay,46.4731,-96.2842,Indy,39.997263,-86.34583,1078.968212,12000,107.8968212,206,purple,229,0
Minnesota,Rothsay,46.4731,-96.2842,Macon,32.84069,-83.6324,1858.51971,22000,185.851971,206,pink,229,0
Minnesota,Rothsay,46.4731,-96.2842,Olathe,38.8814,-94.81913,852.8360744,13000,85.28360744,206,green,229,1
Minnesota,Rothsay,46.4731,-96.2842,SLC,40.76078,-111.89105,1404.865354,2500,140.4865354,206,blue,229,0
Minnesota,Silver Bay,47.2941,-91.278,Charlotte,35.22709,-80.84313,1597.662945,4000,159.7662945,229,gray,254,0
Minnesota,Silver Bay,47.2941,-91.278,Fresno,36.74773,-119.77237,2610.461255,15000,261.0461255,229,red,254,0
Minnesota,Silver Bay,47.2941,-91.278,Hamburg,40.5009,-75.9699,1437.135113,14000,143.7135113,229,orange,254,0
Minnesota,Silver Bay,47.2941,-91.278,Indy,39.997263,-86.34583,903.0448482,12000,90.30448482,229,purple,254,1
Minnesota,Silver Bay,47.2941,-91.278,Macon,32.84069,-83.6324,1732.281254,22000,173.2281254,229,pink,254,0
Minnesota,Silver Bay,47.2941,-91.278,Olathe,38.8814,-94.81913,978.6766176,13000,97.86766176,229,green,254,0
Minnesota,Silver Bay,47.2941,-91.278,SLC,40.76078,-111.89105,1794.524858,2500,179.4524858,229,blue,254,0
Minnesota,St. Paul Park,44.8359,-92.9949,Charlotte,35.22709,-80.84313,1484.552985,4000,148.4552985,493,gray,548,0
Minnesota,St. Paul Park,44.8359,-92.9949,Fresno,36.74773,-119.77237,2413.90915,15000,241.390915,493,red,548,0
Minnesota,St. Paul Park,44.8359,-92.9949,Hamburg,40.5009,-75.9699,1470.183085,14000,147.0183085,493,orange,548,0
Minnesota,St. Paul Park,44.8359,-92.9949,Indy,39.997263,-86.34583,766.1600737,12000,76.61600737,493,purple,548,0
Minnesota,St. Paul Park,44.8359,-92.9949,Macon,32.84069,-83.6324,1558.993628,22000,155.8993628,493,pink,548,0
Minnesota,St. Paul Park,44.8359,-92.9949,Olathe,38.8814,-94.81913,679.2886167,13000,67.92886167,493,green,548,1
Minnesota,St. Paul Park,44.8359,-92.9949,SLC,40.76078,-111.89105,1603.210555,2500,160.3210555,493,blue,548,0
Minnesota,Trail,47.7833,-95.6981,Charlotte,35.22709,-80.84313,1859.405677,4000,185.9405677,435,gray,483,0
Minnesota,Trail,47.7833,-95.6981,Fresno,36.74773,-119.77237,2316.256731,15000,231.6256731,435,red,483,0
Minnesota,Trail,47.7833,-95.6981,Hamburg,40.5009,-75.9699,1763.840208,14000,176.3840208,435,orange,483,0
Minnesota,Trail,47.7833,-95.6981,Indy,39.997263,-86.34583,1143.752547,12000,114.3752547,435,purple,483,0
Minnesota,Trail,47.7833,-95.6981,Macon,32.84069,-83.6324,1946.608226,22000,194.6608226,435,pink,483,0
Minnesota,Trail,47.7833,-95.6981,Olathe,38.8814,-94.81913,992.6885026,13000,99.26885026,435,green,483,1
Minnesota,Trail,47.7833,-95.6981,SLC,40.76078,-111.89105,1503.319663,2500,150.3319663,435,blue,483,0
Minnesota,West St. Paul,44.9018,-93.0858,Charlotte,35.22709,-80.84313,1494.780967,4000,149.4780967,141,gray,157,0
Minnesota,West St. Paul,44.9018,-93.0858,Fresno,36.74773,-119.77237,2408.521488,15000,240.8521488,141,red,157,0
Minnesota,West St. Paul,44.9018,-93.0858,Hamburg,40.5009,-75.9699,1478.837383,14000,147.8837383,141,orange,157,0
Minnesota,West St. Paul,44.9018,-93.0858,Indy,39.997263,-86.34583,776.3932131,12000,77.63932131,141,purple,157,0
Minnesota,West St. Paul,44.9018,-93.0858,Macon,32.84069,-83.6324,1569.090808,22000,156.9090808,141,pink,157,0
Minnesota,West St. Paul,44.9018,-93.0858,Olathe,38.8814,-94.81913,684.8074898,13000,68.48074898,141,green,157,1
Minnesota,West St. Paul,44.9018,-93.0858,SLC,40.76078,-111.89105,1597.420625,2500,159.7420625,141,blue,157,0
Missouri,Ashland,38.7927,-92.2479,Charlotte,35.22709,-80.84313,1086.87207,4000,108.687207,1755,gray,1950,0
Missouri,Ashland,38.7927,-92.2479,Fresno,36.74773,-119.77237,2421.565394,15000,242.1565394,1755,red,1950,0
Missouri,Ashland,38.7927,-92.2479,Hamburg,40.5009,-75.9699,1404.978874,14000,140.4978874,1755,orange,1950,0
Missouri,Ashland,38.7927,-92.2479,Indy,39.997263,-86.34583,524.6048871,12000,52.46048871,1755,purple,1950,0
Missouri,Ashland,38.7927,-92.2479,Macon,32.84069,-83.6324,1019.984477,22000,101.9984477,1755,pink,1950,0
Missouri,Ashland,38.7927,-92.2479,Olathe,38.8814,-94.81913,222.9837228,13000,22.29837228,1755,green,1950,1
Missouri,Ashland,38.7927,-92.2479,SLC,40.76078,-111.89105,1689.790714,2500,168.9790714,1755,blue,1950,0
Missouri,Birch Tree,36.9967,-91.4916,Charlotte,35.22709,-80.84313,976.3295499,4000,97.63295499,267,gray,297,0
Missouri,Birch Tree,36.9967,-91.4916,Fresno,36.74773,-119.77237,2507.271356,15000,250.7271356,267,red,297,0
Missouri,Birch Tree,36.9967,-91.4916,Hamburg,40.5009,-75.9699,1399.606587,14000,139.9606587,267,orange,297,0
Missouri,Birch Tree,36.9967,-91.4916,Indy,39.997263,-86.34583,558.4521523,12000,55.84521523,267,purple,297,0
Missouri,Birch Tree,36.9967,-91.4916,Macon,32.84069,-83.6324,852.4504248,22000,85.24504248,267,pink,297,0
Missouri,Birch Tree,36.9967,-91.4916,Olathe,38.8814,-94.81913,359.3360173,13000,35.93360173,267,green,297,1
Missouri,Birch Tree,36.9967,-91.4916,SLC,40.76078,-111.89105,1810.807998,2500,181.0807998,267,blue,297,0
Missouri,Des Peres,38.5973,-90.448,Charlotte,35.22709,-80.84313,932.2060786,4000,93.22060786,750,gray,833,0
Missouri,Des Peres,38.5973,-90.448,Fresno,36.74773,-119.77237,2578.943962,15000,257.8943962,750,red,833,0
Missouri,Des Peres,38.5973,-90.448,Hamburg,40.5009,-75.9699,1258.169651,14000,125.8169651,750,orange,833,0
Missouri,Des Peres,38.5973,-90.448,Indy,39.997263,-86.34583,385.8635095,12000,38.58635095,750,purple,833,0
Missouri,Des Peres,38.5973,-90.448,Macon,32.84069,-83.6324,887.6133732,22000,88.76133732,750,pink,833,0
Missouri,Des Peres,38.5973,-90.448,Olathe,38.8814,-94.81913,380.5137022,13000,38.05137022,750,green,833,1
Missouri,Des Peres,38.5973,-90.448,SLC,40.76078,-111.89105,1846.668168,2500,184.6668168,750,blue,833,0
Missouri,Gasconade,38.6703,-91.56,Charlotte,35.22709,-80.84313,1025.921729,4000,102.5921729,254,gray,282,0
Missouri,Gasconade,38.6703,-91.56,Fresno,36.74773,-119.77237,2481.989308,15000,248.1989308,254,red,282,0
Missouri,Gasconade,38.6703,-91.56,Hamburg,40.5009,-75.9699,1350.001972,14000,135.0001972,254,orange,282,0
Missouri,Gasconade,38.6703,-91.56,Indy,39.997263,-86.34583,472.1586255,12000,47.21586255,254,purple,282,0
Missouri,Gasconade,38.6703,-91.56,Macon,32.84069,-83.6324,964.9402863,22000,96.49402863,254,pink,282,0
Missouri,Gasconade,38.6703,-91.56,Olathe,38.8814,-94.81913,283.5738445,13000,28.35738445,254,green,282,1
Missouri,Gasconade,38.6703,-91.56,SLC,40.76078,-111.89105,1751.002085,2500,175.1002085,254,blue,282,0
Missouri,St. Clair,38.348,-90.9933,Charlotte,35.22709,-80.84313,967.8462363,4000,96.78462363,144,gray,160,0
Missouri,St. Clair,38.348,-90.9933,Fresno,36.74773,-119.77237,2533.941105,15000,253.3941105,144,red,160,0
Missouri,St. Clair,38.348,-90.9933,Hamburg,40.5009,-75.9699,1311.150099,14000,131.1150099,144,orange,160,0
Missouri,St. Clair,38.348,-90.9933,Indy,39.997263,-86.34583,440.6678236,12000,44.06678236,144,purple,160,0
Missouri,St. Clair,38.348,-90.9933,Macon,32.84069,-83.6324,904.1203098,22000,90.41203098,144,pink,160,0
Missouri,St. Clair,38.348,-90.9933,Olathe,38.8814,-94.81913,337.7297375,13000,33.77297375,144,green,160,1
Missouri,St. Clair,38.348,-90.9933,SLC,40.76078,-111.89105,1807.770197,2500,180.7770197,144,blue,160,0
Missouri,St. Cloud,38.1732,-91.2127,Charlotte,35.22709,-80.84313,980.4321859,4000,98.04321859,174,gray,193,0
Missouri,St. Cloud,38.1732,-91.2127,Fresno,36.74773,-119.77237,2516.590091,15000,251.6590091,174,red,193,0
Missouri,St. Cloud,38.1732,-91.2127,Hamburg,40.5009,-75.9699,1334.833984,14000,133.4833984,174,orange,193,0
Missouri,St. Cloud,38.1732,-91.2127,Indy,39.997263,-86.34583,466.5197252,12000,46.65197252,174,purple,193,0
Missouri,St. Cloud,38.1732,-91.2127,Macon,32.84069,-83.6324,906.5403266,22000,90.65403266,174,pink,193,0
Missouri,St. Cloud,38.1732,-91.2127,Olathe,38.8814,-94.81913,323.5288982,13000,32.35288982,174,green,193,1
Missouri,St. Cloud,38.1732,-91.2127,SLC,40.76078,-111.89105,1794.468808,2500,179.4468808,174,blue,193,0
Missouri,Washington,38.5515,-91.0154,Charlotte,35.22709,-80.84313,976.8575898,4000,97.68575898,334,gray,371,0
Missouri,Washington,38.5515,-91.0154,Fresno,36.74773,-119.77237,2530.162512,15000,253.0162512,334,red,371,0
Missouri,Washington,38.5515,-91.0154,Hamburg,40.5009,-75.9699,1307.244044,14000,130.7244044,334,orange,371,0
Missouri,Washington,38.5515,-91.0154,Indy,39.997263,-86.34583,432.9712239,12000,43.29712239,334,purple,371,0
Missouri,Washington,38.5515,-91.0154,Macon,32.84069,-83.6324,920.398359,22000,92.0398359,334,pink,371,0
Missouri,Washington,38.5515,-91.0154,Olathe,38.8814,-94.81913,332.1232556,13000,33.21232556,334,green,371,1
Missouri,Washington,38.5515,-91.0154,SLC,40.76078,-111.89105,1800.132465,2500,180.0132465,334,blue,371,0
Montana,Kremlin,48.5707,-110.0862,Charlotte,35.22709,-80.84313,2813.602516,4000,281.3602516,274,gray,304,0
Montana,Kremlin,48.5707,-110.0862,Fresno,36.74773,-119.77237,1532.497009,15000,153.2497009,274,red,304,0
Montana,Kremlin,48.5707,-110.0862,Hamburg,40.5009,-75.9699,2822.700135,14000,282.2700135,274,orange,304,0
Montana,Kremlin,48.5707,-110.0862,Indy,39.997263,-86.34583,2105.286823,12000,210.5286823,274,purple,304,0
Montana,Kremlin,48.5707,-110.0862,Macon,32.84069,-83.6324,2810.286595,22000,281.0286595,274,pink,304,0
Montana,Kremlin,48.5707,-110.0862,Olathe,38.8814,-94.81913,1627.806839,13000,162.7806839,274,green,304,0
Montana,Kremlin,48.5707,-110.0862,SLC,40.76078,-111.89105,880.2805706,2500,88.02805706,274,blue,304,1
Montana,Parker School,48.2468,-109.7341,Charlotte,35.22709,-80.84313,2776.487772,4000,277.6487772,884,gray,982,0
Montana,Parker School,48.2468,-109.7341,Fresno,36.74773,-119.77237,1518.176979,15000,151.8176979,884,red,982,0
Montana,Parker School,48.2468,-109.7341,Hamburg,40.5009,-75.9699,2793.384706,14000,279.3384706,884,orange,982,0
Montana,Parker School,48.2468,-109.7341,Indy,39.997263,-86.34583,2069.507229,12000,206.9507229,884,purple,982,0
Montana,Parker School,48.2468,-109.7341,Macon,32.84069,-83.6324,2770.189823,22000,277.0189823,884,pink,982,0
Montana,Parker School,48.2468,-109.7341,Olathe,38.8814,-94.81913,1585.68031,13000,158.568031,884,green,982,0
Montana,Parker School,48.2468,-109.7341,SLC,40.76078,-111.89105,849.9715473,2500,84.99715473,884,blue,982,1
Montana,Power,47.7203,-111.6944,Charlotte,35.22709,-80.84313,2895.36314,4000,289.536314,799,gray,888,0
Montana,Power,47.7203,-111.6944,Fresno,36.74773,-119.77237,1388.200223,15000,138.8200223,799,red,888,0
Montana,Power,47.7203,-111.6944,Hamburg,40.5009,-75.9699,2934.993,14000,293.4993,799,orange,888,0
Montana,Power,47.7203,-111.6944,Indy,39.997263,-86.34583,2194.285663,12000,219.4285663,799,purple,888,0
Montana,Power,47.7203,-111.6944,Macon,32.84069,-83.6324,2874.127024,22000,287.4127024,799,pink,888,0
Montana,Power,47.7203,-111.6944,Olathe,38.8814,-94.81913,1677.108351,13000,167.7108351,799,green,888,0
Montana,Power,47.7203,-111.6944,SLC,40.76078,-111.89105,774.2640927,2500,77.42640927,799,blue,888,1
Montana,Sand Coulee,47.4024,-111.1726,Charlotte,35.22709,-80.84313,2847.443257,4000,284.7443257,336,gray,373,0
Montana,Sand Coulee,47.4024,-111.1726,Fresno,36.74773,-119.77237,1379.5599,15000,137.95599,336,red,373,0
Montana,Sand Coulee,47.4024,-111.1726,Hamburg,40.5009,-75.9699,2894.357481,14000,289.4357481,336,orange,373,0
Montana,Sand Coulee,47.4024,-111.1726,Indy,39.997263,-86.34583,2147.925168,12000,214.7925168,336,purple,373,0
Montana,Sand Coulee,47.4024,-111.1726,Macon,32.84069,-83.6324,2823.693926,22000,282.3693926,336,pink,373,0
Montana,Sand Coulee,47.4024,-111.1726,Olathe,38.8814,-94.81913,1625.569975,13000,162.5569975,336,green,373,0
Montana,Sand Coulee,47.4024,-111.1726,SLC,40.76078,-111.89105,740.9638078,2500,74.09638078,336,blue,373,1
Montana,Townsend,46.3192,-111.5197,Charlotte,35.22709,-80.84313,2839.538573,4000,283.9538573,388,gray,431,0
Montana,Townsend,46.3192,-111.5197,Fresno,36.74773,-119.77237,1265.528034,15000,126.5528034,388,red,431,0
Montana,Townsend,46.3192,-111.5197,Hamburg,40.5009,-75.9699,2918.466509,14000,291.8466509,388,orange,431,0
Montana,Townsend,46.3192,-111.5197,Indy,39.997263,-86.34583,2149.312517,12000,214.9312517,388,purple,431,0
Montana,Townsend,46.3192,-111.5197,Macon,32.84069,-83.6324,2799.337311,22000,279.9337311,388,pink,431,0
Montana,Townsend,46.3192,-111.5197,Olathe,38.8814,-94.81913,1593.346224,13000,159.3346224,388,green,431,0
Montana,Townsend,46.3192,-111.5197,SLC,40.76078,-111.89105,618.984625,2500,61.8984625,388,blue,431,1
Montana,Twin Bridges,45.5429,-112.3341,Charlotte,35.22709,-80.84313,2880.591029,4000,288.0591029,339,gray,377,0
Montana,Twin Bridges,45.5429,-112.3341,Fresno,36.74773,-119.77237,1158.649245,15000,115.8649245,339,red,377,0
Montana,Twin Bridges,45.5429,-112.3341,Hamburg,40.5009,-75.9699,2983.277955,14000,298.3277955,339,orange,377,0
Montana,Twin Bridges,45.5429,-112.3341,Indy,39.997263,-86.34583,2198.850869,12000,219.8850869,339,purple,377,0
Montana,Twin Bridges,45.5429,-112.3341,Macon,32.84069,-83.6324,2826.871734,22000,282.6871734,339,pink,377,0
Montana,Twin Bridges,45.5429,-112.3341,Olathe,38.8814,-94.81913,1617.291368,13000,161.7291368,339,green,377,0
Montana,Twin Bridges,45.5429,-112.3341,SLC,40.76078,-111.89105,533.12547,2500,53.312547,339,blue,377,1
Nebraska,Bennington,41.3682,-96.1616,Charlotte,35.22709,-80.84313,1498.556897,4000,149.8556897,166,gray,184,0
Nebraska,Bennington,41.3682,-96.1616,Fresno,36.74773,-119.77237,2095.839984,15000,209.5839984,166,red,184,0
Nebraska,Bennington,41.3682,-96.1616,Hamburg,40.5009,-75.9699,1695.599187,14000,169.5599187,166,orange,184,0
Nebraska,Bennington,41.3682,-96.1616,Indy,39.997263,-86.34583,841.3895671,12000,84.13895671,166,purple,184,0
Nebraska,Bennington,41.3682,-96.1616,Macon,32.84069,-83.6324,1458.434133,22000,145.8434133,166,pink,184,0
Nebraska,Bennington,41.3682,-96.1616,Olathe,38.8814,-94.81913,299.2342651,13000,29.92342651,166,green,184,1
Nebraska,Bennington,41.3682,-96.1616,SLC,40.76078,-111.89105,1319.05174,2500,131.905174,166,blue,184,0
Nebraska,Shelton,40.7784,-98.7294,Charlotte,35.22709,-80.84313,1681.021673,4000,168.1021673,358,gray,398,0
Nebraska,Shelton,40.7784,-98.7294,Fresno,36.74773,-119.77237,1874.318189,15000,187.4318189,358,red,398,0
Nebraska,Shelton,40.7784,-98.7294,Hamburg,40.5009,-75.9699,1915.822441,14000,191.5822441,358,orange,398,0
Nebraska,Shelton,40.7784,-98.7294,Indy,39.997263,-86.34583,1051.85886,12000,105.185886,358,purple,398,0
Nebraska,Shelton,40.7784,-98.7294,Macon,32.84069,-83.6324,1604.85117,22000,160.485117,358,pink,398,0
Nebraska,Shelton,40.7784,-98.7294,Olathe,38.8814,-94.81913,395.0143106,13000,39.50143106,358,green,398,1
Nebraska,Shelton,40.7784,-98.7294,SLC,40.76078,-111.89105,1107.683522,2500,110.7683522,358,blue,398,0
New Jersey,Delmont,39.2152,-74.9494,Charlotte,35.22709,-80.84313,684.7630482,4000,68.47630482,851,gray,945,0
New Jersey,Delmont,39.2152,-74.9494,Fresno,36.74773,-119.77237,3899.221738,15000,389.9221738,851,red,945,0
New Jersey,Delmont,39.2152,-74.9494,Hamburg,40.5009,-75.9699,167.4594049,14000,16.74594049,851,orange,945,1
New Jersey,Delmont,39.2152,-74.9494,Indy,39.997263,-86.34583,979.8226126,12000,97.98226126,851,purple,945,0
New Jersey,Delmont,39.2152,-74.9494,Macon,32.84069,-83.6324,1053.936242,22000,105.3936242,851,pink,945,0
New Jersey,Delmont,39.2152,-74.9494,Olathe,38.8814,-94.81913,1713.361257,13000,171.3361257,851,green,945,0
New Jersey,Delmont,39.2152,-74.9494,SLC,40.76078,-111.89105,3129.638298,2500,312.9638298,851,blue,945,0
New Jersey,Folsom,39.5929,-74.8424,Charlotte,35.22709,-80.84313,718.6274047,4000,71.86274047,265,gray,294,0
New Jersey,Folsom,39.5929,-74.8424,Fresno,36.74773,-119.77237,3900.823242,15000,390.0823242,265,red,294,0
New Jersey,Folsom,39.5929,-74.8424,Hamburg,40.5009,-75.9699,139.3432492,14000,13.93432492,265,orange,294,1
New Jersey,Folsom,39.5929,-74.8424,Indy,39.997263,-86.34583,983.4528185,12000,98.34528185,265,purple,294,0
New Jersey,Folsom,39.5929,-74.8424,Macon,32.84069,-83.6324,1088.106853,22000,108.8106853,265,pink,294,0
New Jersey,Folsom,39.5929,-74.8424,Olathe,38.8814,-94.81913,1719.300147,13000,171.9300147,265,green,294,0
New Jersey,Folsom,39.5929,-74.8424,SLC,40.76078,-111.89105,3127.793628,2500,312.7793628,265,blue,294,0
New Jersey,Gandys Beach,39.2715,-75.2316,Charlotte,35.22709,-80.84313,669.9815286,4000,66.99815286,230,gray,255,0
New Jersey,Gandys Beach,39.2715,-75.2316,Fresno,36.74773,-119.77237,3874.182349,15000,387.4182349,230,red,255,0
New Jersey,Gandys Beach,39.2715,-75.2316,Hamburg,40.5009,-75.9699,150.564293,14000,15.0564293,230,orange,255,1
New Jersey,Gandys Beach,39.2715,-75.2316,Indy,39.997263,-86.34583,954.852076,12000,95.4852076,230,purple,255,0
New Jersey,Gandys Beach,39.2715,-75.2316,Macon,32.84069,-83.6324,1039.42662,22000,103.942662,230,pink,255,0
New Jersey,Gandys Beach,39.2715,-75.2316,Olathe,38.8814,-94.81913,1688.604531,13000,168.8604531,230,green,255,0
New Jersey,Gandys Beach,39.2715,-75.2316,SLC,40.76078,-111.89105,3104.5363,2500,310.45363,230,blue,255,0
New Jersey,Northvale,41.0101,-73.9505,Charlotte,35.22709,-80.84313,881.2037709,4000,88.12037709,6,gray,7,0
New Jersey,Northvale,41.0101,-73.9505,Fresno,36.74773,-119.77237,3950.334348,15000,395.0334348,6,red,7,0
New Jersey,Northvale,41.0101,-73.9505,Hamburg,40.5009,-75.9699,179.322167,14000,17.9322167,6,orange,7,1
New Jersey,Northvale,41.0101,-73.9505,Indy,39.997263,-86.34583,1053.470353,12000,105.3470353,6,purple,7,0
New Jersey,Northvale,41.0101,-73.9505,Macon,32.84069,-83.6324,1250.135217,22000,125.0135217,6,pink,7,0
New Jersey,Northvale,41.0101,-73.9505,Olathe,38.8814,-94.81913,1790.883728,13000,179.0883728,6,green,7,0
New Jersey,Northvale,41.0101,-73.9505,SLC,40.76078,-111.89105,3165.058687,2500,316.5058687,6,blue,7,0
New Jersey,Williamstown,39.6874,-74.9786,Charlotte,35.22709,-80.84313,716.7985546,4000,71.67985546,563,gray,625,0
New Jersey,Williamstown,39.6874,-74.9786,Fresno,36.74773,-119.77237,3887.527326,15000,388.7527326,563,red,625,0
New Jersey,Williamstown,39.6874,-74.9786,Hamburg,40.5009,-75.9699,123.7010363,14000,12.37010363,563,orange,625,1
New Jersey,Williamstown,39.6874,-74.9786,Indy,39.997263,-86.34583,970.7538039,12000,97.07538039,563,purple,625,0
New Jersey,Williamstown,39.6874,-74.9786,Macon,32.84069,-83.6324,1086.298543,22000,108.6298543,563,pink,625,0
New Jersey,Williamstown,39.6874,-74.9786,Olathe,38.8814,-94.81913,1707.005909,13000,170.7005909,563,green,625,0
New Jersey,Williamstown,39.6874,-74.9786,SLC,40.76078,-111.89105,3113.883376,2500,311.3883376,563,blue,625,0
New Mexico,San Ysidro,32.3568,-106.8129,Charlotte,35.22709,-80.84313,2414.782398,4000,241.4782398,374,gray,415,0
New Mexico,San Ysidro,32.3568,-106.8129,Fresno,36.74773,-119.77237,1282.34442,15000,128.234442,374,red,415,0
New Mexico,San Ysidro,32.3568,-106.8129,Hamburg,40.5009,-75.9699,2887.909226,14000,288.7909226,374,orange,415,0
New Mexico,San Ysidro,32.3568,-106.8129,Indy,39.997263,-86.34583,2018.277326,12000,201.8277326,374,purple,415,0
New Mexico,San Ysidro,32.3568,-106.8129,Macon,32.84069,-83.6324,2168.484487,22000,216.8484487,374,pink,415,0
New Mexico,San Ysidro,32.3568,-106.8129,Olathe,38.8814,-94.81913,1303.099556,13000,130.3099556,374,green,415,0
New Mexico,San Ysidro,32.3568,-106.8129,SLC,40.76078,-111.89105,1038.568297,2500,103.8568297,374,blue,415,1
New York,Cornwall-on-Hudson,41.4369,-74.0145,Charlotte,35.22709,-80.84313,911.5474904,4000,91.15474904,502,gray,558,0
New York,Cornwall-on-Hudson,41.4369,-74.0145,Fresno,36.74773,-119.77237,3938.339719,15000,393.8339719,502,red,558,0
New York,Cornwall-on-Hudson,41.4369,-74.0145,Hamburg,40.5009,-75.9699,194.4381139,14000,19.44381139,502,orange,558,1
New York,Cornwall-on-Hudson,41.4369,-74.0145,Indy,39.997263,-86.34583,1050.926482,12000,105.0926482,502,purple,558,0
New York,Cornwall-on-Hudson,41.4369,-74.0145,Macon,32.84069,-83.6324,1279.525985,22000,127.9525985,502,pink,558,0
New York,Cornwall-on-Hudson,41.4369,-74.0145,Olathe,38.8814,-94.81913,1786.785424,13000,178.6785424,502,green,558,0
New York,Cornwall-on-Hudson,41.4369,-74.0145,SLC,40.76078,-111.89105,3150.107378,2500,315.0107378,502,blue,558,0
New York,Old Brookville,40.8332,-73.604,Charlotte,35.22709,-80.84313,888.8171901,4000,88.88171901,958,gray,1064,0
New York,Old Brookville,40.8332,-73.604,Fresno,36.74773,-119.77237,3982.078206,15000,398.2078206,958,red,1064,0
New York,Old Brookville,40.8332,-73.604,Hamburg,40.5009,-75.9699,202.99474,14000,20.299474,958,orange,1064,1
New York,Old Brookville,40.8332,-73.604,Indy,39.997263,-86.34583,1082.097113,12000,108.2097113,958,purple,1064,0
New York,Old Brookville,40.8332,-73.604,Macon,32.84069,-83.6324,1258.224574,22000,125.8224574,958,pink,1064,0
New York,Old Brookville,40.8332,-73.604,Olathe,38.8814,-94.81913,1819.891887,13000,181.9891887,958,green,1064,0
New York,Old Brookville,40.8332,-73.604,SLC,40.76078,-111.89105,3197.731294,2500,319.7731294,958,blue,1064,0
New York,University Gardens,40.7752,-73.7281,Charlotte,35.22709,-80.84313,876.7489391,4000,87.67489391,317,gray,352,0
New York,University Gardens,40.7752,-73.7281,Fresno,36.74773,-119.77237,3972.745651,15000,397.2745651,317,red,352,0
New York,University Gardens,40.7752,-73.7281,Hamburg,40.5009,-75.9699,191.6586898,14000,19.16586898,317,orange,352,1
New York,University Gardens,40.7752,-73.7281,Indy,39.997263,-86.34583,1071.57728,12000,107.157728,317,purple,352,0
New York,University Gardens,40.7752,-73.7281,Macon,32.84069,-83.6324,1246.1374,22000,124.61374,317,pink,352,0
New York,University Gardens,40.7752,-73.7281,Olathe,38.8814,-94.81913,1809.459931,13000,180.9459931,317,green,352,0
New York,University Gardens,40.7752,-73.7281,SLC,40.76078,-111.89105,3188.95228,2500,318.895228,317,blue,352,0
New York,Westford,42.6511,-74.8005,Charlotte,35.22709,-80.84313,976.7139403,4000,97.67139403,536,gray,596,0
New York,Westford,42.6511,-74.8005,Fresno,36.74773,-119.77237,3858.048165,15000,385.8048165,536,red,596,0
New York,Westford,42.6511,-74.8005,Hamburg,40.5009,-75.9699,258.1951335,14000,25.81951335,536,orange,596,1
New York,Westford,42.6511,-74.8005,Indy,39.997263,-86.34583,1007.613059,12000,100.7613059,536,purple,596,0
New York,Westford,42.6511,-74.8005,Macon,32.84069,-83.6324,1337.746967,22000,133.7746967,536,pink,596,0
New York,Westford,42.6511,-74.8005,Olathe,38.8814,-94.81913,1733.25105,13000,173.325105,536,green,596,0
New York,Westford,42.6511,-74.8005,SLC,40.76078,-111.89105,3062.466066,2500,306.2466066,536,blue,596,0
North Carolina,Edneyville,35.4025,-82.3372,Charlotte,35.22709,-80.84313,137.0001651,4000,13.70001651,1157,gray,1285,1
North Carolina,Edneyville,35.4025,-82.3372,Fresno,36.74773,-119.77237,3347.296603,15000,334.7296603,1157,red,1285,0
North Carolina,Edneyville,35.4025,-82.3372,Hamburg,40.5009,-75.9699,795.470794,14000,79.5470794,1157,orange,1285,0
North Carolina,Edneyville,35.4025,-82.3372,Indy,39.997263,-86.34583,620.8489034,12000,62.08489034,1157,purple,1285,0
North Carolina,Edneyville,35.4025,-82.3372,Macon,32.84069,-83.6324,308.8922122,22000,30.88922122,1157,pink,1285,0
North Carolina,Edneyville,35.4025,-82.3372,Olathe,38.8814,-94.81913,1171.228428,13000,117.1228428,1157,green,1285,0
North Carolina,Edneyville,35.4025,-82.3372,SLC,40.76078,-111.89105,2641.846406,2500,264.1846406,1157,blue,1285,0
North Carolina,Huntersville,35.406,-80.8716,Charlotte,35.22709,-80.84313,20.06718496,4000,2.006718496,436,gray,484,1
North Carolina,Huntersville,35.406,-80.8716,Fresno,36.74773,-119.77237,3476.176074,15000,347.6176074,436,red,484,0
North Carolina,Huntersville,35.406,-80.8716,Hamburg,40.5009,-75.9699,711.0474531,14000,71.10474531,436,orange,484,0
North Carolina,Huntersville,35.406,-80.8716,Indy,39.997263,-86.34583,701.771145,12000,70.1771145,436,purple,484,0
North Carolina,Huntersville,35.406,-80.8716,Macon,32.84069,-83.6324,382.1166943,22000,38.21166943,436,pink,484,0
North Carolina,Huntersville,35.406,-80.8716,Olathe,38.8814,-94.81913,1294.094947,13000,129.4094947,436,green,484,0
North Carolina,Huntersville,35.406,-80.8716,SLC,40.76078,-111.89105,2765.019849,2500,276.5019849,436,blue,484,0
North Carolina,Ivanhoe,34.587,-78.2447,Charlotte,35.22709,-80.84313,247.4753307,4000,24.74753307,1447,gray,1608,1
North Carolina,Ivanhoe,34.587,-78.2447,Fresno,36.74773,-119.77237,3730.96345,15000,373.096345,1447,red,1608,0
North Carolina,Ivanhoe,34.587,-78.2447,Hamburg,40.5009,-75.9699,687.6417144,14000,68.76417144,1447,orange,1608,0
North Carolina,Ivanhoe,34.587,-78.2447,Indy,39.997263,-86.34583,935.2420914,12000,93.52420914,1447,purple,1608,0
North Carolina,Ivanhoe,34.587,-78.2447,Macon,32.84069,-83.6324,534.9000244,22000,53.49000244,1447,pink,1608,0
North Carolina,Ivanhoe,34.587,-78.2447,Olathe,38.8814,-94.81913,1550.125038,13000,155.0125038,1447,green,1608,0
North Carolina,Ivanhoe,34.587,-78.2447,SLC,40.76078,-111.89105,3021.010356,2500,302.1010356,1447,blue,1608,0
North Carolina,Marshville,34.9865,-80.3685,Charlotte,35.22709,-80.84313,50.807659,4000,5.0807659,767,gray,852,1
North Carolina,Marshville,34.9865,-80.3685,Fresno,36.74773,-119.77237,3532.126402,15000,353.2126402,767,red,852,0
North Carolina,Marshville,34.9865,-80.3685,Hamburg,40.5009,-75.9699,724.9444366,14000,72.49444366,767,orange,852,0
North Carolina,Marshville,34.9865,-80.3685,Indy,39.997263,-86.34583,767.0283152,12000,76.70283152,767,purple,852,0
North Carolina,Marshville,34.9865,-80.3685,Macon,32.84069,-83.6324,384.3247524,22000,38.43247524,767,pink,852,0
North Carolina,Marshville,34.9865,-80.3685,Olathe,38.8814,-94.81913,1354.067406,13000,135.4067406,767,green,852,0
North Carolina,Marshville,34.9865,-80.3685,SLC,40.76078,-111.89105,2824.984914,2500,282.4984914,767,blue,852,0
North Carolina,Oxford,36.3155,-78.5848,Charlotte,35.22709,-80.84313,237.042088,4000,23.7042088,1507,gray,1674,1
North Carolina,Oxford,36.3155,-78.5848,Fresno,36.74773,-119.77237,3652.508174,15000,365.2508174,1507,red,1674,0
North Carolina,Oxford,36.3155,-78.5848,Hamburg,40.5009,-75.9699,518.2701317,14000,51.82701317,1507,orange,1674,0
North Carolina,Oxford,36.3155,-78.5848,Indy,39.997263,-86.34583,792.313639,12000,79.2313639,1507,purple,1674,0
North Carolina,Oxford,36.3155,-78.5848,Macon,32.84069,-83.6324,602.3878928,22000,60.23878928,1507,pink,1674,0
North Carolina,Oxford,36.3155,-78.5848,Olathe,38.8814,-94.81913,1456.808033,13000,145.6808033,1507,green,1674,0
North Carolina,Oxford,36.3155,-78.5848,SLC,40.76078,-111.89105,2921.626721,2500,292.1626721,1507,blue,1674,0
Ohio,Brecon,39.2798,-84.3531,Charlotte,35.22709,-80.84313,547.405217,4000,54.7405217,683,gray,759,0
Ohio,Brecon,39.2798,-84.3531,Fresno,36.74773,-119.77237,3096.876674,15000,309.6876674,683,red,759,0
Ohio,Brecon,39.2798,-84.3531,Hamburg,40.5009,-75.9699,727.9319536,14000,72.79319536,683,orange,759,0
Ohio,Brecon,39.2798,-84.3531,Indy,39.997263,-86.34583,188.4178345,12000,18.84178345,683,purple,759,1
Ohio,Brecon,39.2798,-84.3531,Macon,32.84069,-83.6324,719.1389154,22000,71.91389154,683,pink,759,0
Ohio,Brecon,39.2798,-84.3531,Olathe,38.8814,-94.81913,904.2519741,13000,90.42519741,683,green,759,0
Ohio,Brecon,39.2798,-84.3531,SLC,40.76078,-111.89105,2341.872211,2500,234.1872211,683,blue,759,0
Ohio,Kenwood,39.2066,-84.375,Charlotte,35.22709,-80.84313,541.9265911,4000,54.19265911,257,gray,285,0
Ohio,Kenwood,39.2066,-84.375,Fresno,36.74773,-119.77237,3095.876587,15000,309.5876587,257,red,285,0
Ohio,Kenwood,39.2066,-84.375,Hamburg,40.5009,-75.9699,731.6958243,14000,73.16958243,257,orange,285,0
Ohio,Kenwood,39.2066,-84.375,Indy,39.997263,-86.34583,190.4211605,12000,19.04211605,257,purple,285,1
Ohio,Kenwood,39.2066,-84.375,Macon,32.84069,-83.6324,711.2150987,22000,71.12150987,257,pink,285,0
Ohio,Kenwood,39.2066,-84.375,Olathe,38.8814,-94.81913,902.4728857,13000,90.24728857,257,green,285,0
Ohio,Kenwood,39.2066,-84.375,SLC,40.76078,-111.89105,2341.86353,2500,234.186353,257,blue,285,0
Ohio,Mount Gilead,40.5532,-82.828,Charlotte,35.22709,-80.84313,617.4619079,4000,61.74619079,258,gray,287,0
Ohio,Mount Gilead,40.5532,-82.828,Fresno,36.74773,-119.77237,3213.317546,15000,321.3317546,258,red,287,0
Ohio,Mount Gilead,40.5532,-82.828,Hamburg,40.5009,-75.9699,579.7058267,14000,57.97058267,258,orange,287,0
Ohio,Mount Gilead,40.5532,-82.828,Indy,39.997263,-86.34583,304.8463178,12000,30.48463178,258,purple,287,1
Ohio,Mount Gilead,40.5532,-82.828,Macon,32.84069,-83.6324,860.8436235,22000,86.08436235,258,pink,287,0
Ohio,Mount Gilead,40.5532,-82.828,Olathe,38.8814,-94.81913,1041.797755,13000,104.1797755,258,green,287,0
Ohio,Mount Gilead,40.5532,-82.828,SLC,40.76078,-111.89105,2441.179146,2500,244.1179146,258,blue,287,0
Ohio,Perrysville,40.6584,-82.3144,Charlotte,35.22709,-80.84313,617.7263185,4000,61.77263185,1299,gray,1443,0
Ohio,Perrysville,40.6584,-82.3144,Fresno,36.74773,-119.77237,3255.615492,15000,325.5615492,1299,red,1443,0
Ohio,Perrysville,40.6584,-82.3144,Hamburg,40.5009,-75.9699,536.1488776,14000,53.61488776,1299,orange,1443,0
Ohio,Perrysville,40.6584,-82.3144,Indy,39.997263,-86.34583,349.6366926,12000,34.96366926,1299,purple,1443,1
Ohio,Perrysville,40.6584,-82.3144,Macon,32.84069,-83.6324,877.4278699,22000,87.74278699,1299,pink,1443,0
Ohio,Perrysville,40.6584,-82.3144,Olathe,38.8814,-94.81913,1086.204799,13000,108.6204799,1299,green,1443,0
Ohio,Perrysville,40.6584,-82.3144,SLC,40.76078,-111.89105,2481.837079,2500,248.1837079,1299,blue,1443,0
Oklahoma,Crescent,35.9518,-97.5948,Charlotte,35.22709,-80.84313,1515.52065,4000,151.552065,745,gray,828,0
Oklahoma,Crescent,35.9518,-97.5948,Fresno,36.74773,-119.77237,1984.337469,15000,198.4337469,745,red,828,0
Oklahoma,Crescent,35.9518,-97.5948,Hamburg,40.5009,-75.9699,1950.581934,14000,195.0581934,745,orange,828,0
Oklahoma,Crescent,35.9518,-97.5948,Indy,39.997263,-86.34583,1083.038716,12000,108.3038716,745,purple,828,0
Oklahoma,Crescent,35.9518,-97.5948,Macon,32.84069,-83.6324,1326.041798,22000,132.6041798,745,pink,828,0
Oklahoma,Crescent,35.9518,-97.5948,Olathe,38.8814,-94.81913,407.7647213,13000,40.77647213,745,green,828,1
Oklahoma,Crescent,35.9518,-97.5948,SLC,40.76078,-111.89105,1354.7252,2500,135.47252,745,blue,828,0
Oklahoma,Pump Back,36.2707,-95.1178,Charlotte,35.22709,-80.84313,1292.64516,4000,129.264516,1334,gray,1482,0
Oklahoma,Pump Back,36.2707,-95.1178,Fresno,36.74773,-119.77237,2198.709805,15000,219.8709805,1334,red,1482,0
Oklahoma,Pump Back,36.2707,-95.1178,Hamburg,40.5009,-75.9699,1730.535865,14000,173.0535865,1334,orange,1482,0
Oklahoma,Pump Back,36.2707,-95.1178,Indy,39.997263,-86.34583,871.6517697,12000,87.16517697,1334,purple,1482,0
Oklahoma,Pump Back,36.2707,-95.1178,Macon,32.84069,-83.6324,1118.277356,22000,111.8277356,1334,pink,1482,0
Oklahoma,Pump Back,36.2707,-95.1178,Olathe,38.8814,-94.81913,291.5783274,13000,29.15783274,1334,green,1482,1
Oklahoma,Pump Back,36.2707,-95.1178,SLC,40.76078,-111.89105,1539.903396,2500,153.9903396,1334,blue,1482,0
Oregon,Granite,44.81,-118.4187,Charlotte,35.22709,-80.84313,3339.480854,4000,333.9480854,1078,gray,1198,0
Oregon,Granite,44.81,-118.4187,Fresno,36.74773,-119.77237,903.9454222,15000,90.39454222,1078,red,1198,1
Oregon,Granite,44.81,-118.4187,Hamburg,40.5009,-75.9699,3465.374897,14000,346.5374897,1078,orange,1198,0
Oregon,Granite,44.81,-118.4187,Indy,39.997263,-86.34583,2669.864967,12000,266.9864967,1078,purple,1198,0
Oregon,Granite,44.81,-118.4187,Macon,32.84069,-83.6324,3263.404613,22000,326.3404613,1078,pink,1198,0
Oregon,Granite,44.81,-118.4187,Olathe,38.8814,-94.81913,2054.95336,13000,205.495336,1078,green,1198,0
Oregon,Granite,44.81,-118.4187,SLC,40.76078,-111.89105,697.3060349,2500,69.73060349,1078,blue,1198,0
Oregon,Lakeside,43.5795,-124.1733,Charlotte,35.22709,-80.84313,3792.63332,4000,379.263332,506,gray,562,0
Oregon,Lakeside,43.5795,-124.1733,Fresno,36.74773,-119.77237,846.6622709,15000,84.66622709,506,red,562,1
Oregon,Lakeside,43.5795,-124.1733,Hamburg,40.5009,-75.9699,3940.661886,14000,394.0661886,506,orange,562,0
Oregon,Lakeside,43.5795,-124.1733,Indy,39.997263,-86.34583,3135.005979,12000,313.5005979,506,purple,562,0
Oregon,Lakeside,43.5795,-124.1733,Macon,32.84069,-83.6324,3697.333104,22000,369.7333104,506,pink,562,0
Oregon,Lakeside,43.5795,-124.1733,Olathe,38.8814,-94.81913,2496.726674,13000,249.6726674,506,green,562,0
Oregon,Lakeside,43.5795,-124.1733,SLC,40.76078,-111.89105,1058.785873,2500,105.8785873,506,blue,562,0
Oregon,Woodburn,45.1472,-122.8603,Charlotte,35.22709,-80.84313,3690.652513,4000,369.0652513,27,gray,30,0
Oregon,Woodburn,45.1472,-122.8603,Fresno,36.74773,-119.77237,969.4149533,15000,96.94149533,27,red,30,1
Oregon,Woodburn,45.1472,-122.8603,Hamburg,40.5009,-75.9699,3805.883324,14000,380.5883324,27,orange,30,0
Oregon,Woodburn,45.1472,-122.8603,Indy,39.997263,-86.34583,3018.628789,12000,301.8628789,27,purple,30,0
Oregon,Woodburn,45.1472,-122.8603,Macon,32.84069,-83.6324,3613.944998,22000,361.3944998,27,pink,30,0
Oregon,Woodburn,45.1472,-122.8603,Olathe,38.8814,-94.81913,2406.036973,13000,240.6036973,27,green,30,0
Oregon,Woodburn,45.1472,-122.8603,SLC,40.76078,-111.89105,1016.345402,2500,101.6345402,27,blue,30,0
Pennsylvania,Freeburg,40.7625,-76.9408,Charlotte,35.22709,-80.84313,704.1471453,4000,70.41471453,911,gray,1012,0
Pennsylvania,Freeburg,40.7625,-76.9408,Fresno,36.74773,-119.77237,3704.99172,15000,370.499172,911,red,1012,0
Pennsylvania,Freeburg,40.7625,-76.9408,Hamburg,40.5009,-75.9699,86.96862798,14000,8.696862798,911,orange,1012,1
Pennsylvania,Freeburg,40.7625,-76.9408,Indy,39.997263,-86.34583,801.0386394,12000,80.10386394,911,purple,1012,0
Pennsylvania,Freeburg,40.7625,-76.9408,Macon,32.84069,-83.6324,1062.984308,22000,106.2984308,911,pink,1012,0
Pennsylvania,Freeburg,40.7625,-76.9408,Olathe,38.8814,-94.81913,1538.847982,13000,153.8847982,911,green,1012,0
Pennsylvania,Freeburg,40.7625,-76.9408,SLC,40.76078,-111.89105,2924.683427,2500,292.4683427,911,blue,1012,0
Pennsylvania,Kenhorst,40.3069,-75.9438,Charlotte,35.22709,-80.84313,710.2468707,4000,71.02468707,322,gray,358,0
Pennsylvania,Kenhorst,40.3069,-75.9438,Fresno,36.74773,-119.77237,3795.409211,15000,379.5409211,322,red,358,0
Pennsylvania,Kenhorst,40.3069,-75.9438,Hamburg,40.5009,-75.9699,21.69153274,14000,2.169153274,322,orange,358,1
Pennsylvania,Kenhorst,40.3069,-75.9438,Indy,39.997263,-86.34583,884.5100761,12000,88.45100761,322,purple,358,0
Pennsylvania,Kenhorst,40.3069,-75.9438,Macon,32.84069,-83.6324,1076.73068,22000,107.673068,322,pink,358,0
Pennsylvania,Kenhorst,40.3069,-75.9438,Olathe,38.8814,-94.81913,1622.47825,13000,162.247825,322,green,358,0
Pennsylvania,Kenhorst,40.3069,-75.9438,SLC,40.76078,-111.89105,3017.782832,2500,301.7782832,322,blue,358,0
Pennsylvania,Millersburg,40.5422,-76.9554,Charlotte,35.22709,-80.84313,682.4564348,4000,68.24564348,368,gray,409,0
Pennsylvania,Millersburg,40.5422,-76.9554,Fresno,36.74773,-119.77237,3706.939558,15000,370.6939558,368,red,409,0
Pennsylvania,Millersburg,40.5422,-76.9554,Hamburg,40.5009,-75.9699,83.45273219,14000,8.345273219,368,orange,409,1
Pennsylvania,Millersburg,40.5422,-76.9554,Indy,39.997263,-86.34583,798.8808507,12000,79.88808507,368,purple,409,0
Pennsylvania,Millersburg,40.5422,-76.9554,Macon,32.84069,-83.6324,1042.55259,22000,104.255259,368,pink,409,0
Pennsylvania,Millersburg,40.5422,-76.9554,Olathe,38.8814,-94.81913,1536.956631,13000,153.6956631,368,green,409,0
Pennsylvania,Millersburg,40.5422,-76.9554,SLC,40.76078,-111.89105,2928.499988,2500,292.8499988,368,blue,409,0
Pennsylvania,Portage,40.3868,-78.6746,Charlotte,35.22709,-80.84313,604.6684372,4000,60.46684372,813,gray,903,0
Pennsylvania,Portage,40.3868,-78.6746,Fresno,36.74773,-119.77237,3564.820124,15000,356.4820124,813,red,903,0
Pennsylvania,Portage,40.3868,-78.6746,Hamburg,40.5009,-75.9699,229.2968553,14000,22.92968553,813,orange,903,1
Pennsylvania,Portage,40.3868,-78.6746,Indy,39.997263,-86.34583,653.0326274,12000,65.30326274,813,purple,903,0
Pennsylvania,Portage,40.3868,-78.6746,Macon,32.84069,-83.6324,948.4963942,22000,94.84963942,813,pink,903,0
Pennsylvania,Portage,40.3868,-78.6746,Olathe,38.8814,-94.81913,1391.093209,13000,139.1093209,813,green,903,0
Pennsylvania,Portage,40.3868,-78.6746,SLC,40.76078,-111.89105,2789.720973,2500,278.9720973,813,blue,903,0
Pennsylvania,Roslyn,40.1311,-75.1374,Charlotte,35.22709,-80.84313,741.1659258,4000,74.11659258,740,gray,822,0
Pennsylvania,Roslyn,40.1311,-75.1374,Fresno,36.74773,-119.77237,3866.077695,15000,386.6077695,740,red,822,0
Pennsylvania,Roslyn,40.1311,-75.1374,Hamburg,40.5009,-75.9699,81.71259312,14000,8.171259312,740,orange,822,1
Pennsylvania,Roslyn,40.1311,-75.1374,Indy,39.997263,-86.34583,953.6223179,12000,95.36223179,740,purple,822,0
Pennsylvania,Roslyn,40.1311,-75.1374,Macon,32.84069,-83.6324,1110.085048,22000,111.0085048,740,pink,822,0
Pennsylvania,Roslyn,40.1311,-75.1374,Olathe,38.8814,-94.81913,1691.322375,13000,169.1322375,740,green,822,0
Pennsylvania,Roslyn,40.1311,-75.1374,SLC,40.76078,-111.89105,3088.923214,2500,308.8923214,740,blue,822,0
Pennsylvania,Rupert,40.976,-76.4797,Charlotte,35.22709,-80.84313,744.5729017,4000,74.45729017,537,gray,597,0
Pennsylvania,Rupert,40.976,-76.4797,Fresno,36.74773,-119.77237,3740.480726,15000,374.0480726,537,red,597,0
Pennsylvania,Rupert,40.976,-76.4797,Hamburg,40.5009,-75.9699,68.10720018,14000,6.810720018,537,orange,597,1
Pennsylvania,Rupert,40.976,-76.4797,Indy,39.997263,-86.34583,841.2478856,12000,84.12478856,537,purple,597,0
Pennsylvania,Rupert,40.976,-76.4797,Macon,32.84069,-83.6324,1105.212361,22000,110.5212361,537,pink,597,0
Pennsylvania,Rupert,40.976,-76.4797,Olathe,38.8814,-94.81913,1578.529482,13000,157.8529482,537,green,597,0
Pennsylvania,Rupert,40.976,-76.4797,SLC,40.76078,-111.89105,2957.96451,2500,295.796451,537,blue,597,0
Pennsylvania,Sadsburyville,39.983,-75.8937,Charlotte,35.22709,-80.84313,685.3573945,4000,68.53573945,509,gray,566,0
Pennsylvania,Sadsburyville,39.983,-75.8937,Fresno,36.74773,-119.77237,3805.061274,15000,380.5061274,509,red,566,0
Pennsylvania,Sadsburyville,39.983,-75.8937,Hamburg,40.5009,-75.9699,57.96809017,14000,5.796809017,509,orange,566,1
Pennsylvania,Sadsburyville,39.983,-75.8937,Indy,39.997263,-86.34583,890.213695,12000,89.0213695,509,purple,566,0
Pennsylvania,Sadsburyville,39.983,-75.8937,Macon,32.84069,-83.6324,1053.141383,22000,105.3141383,509,pink,566,0
Pennsylvania,Sadsburyville,39.983,-75.8937,Olathe,38.8814,-94.81913,1627.452357,13000,162.7452357,509,green,566,0
Pennsylvania,Sadsburyville,39.983,-75.8937,SLC,40.76078,-111.89105,3030.121841,2500,303.0121841,509,blue,566,0
Pennsylvania,Timblin,40.9673,-79.199,Charlotte,35.22709,-80.84313,654.4634267,4000,65.44634267,382,gray,424,0
Pennsylvania,Timblin,40.9673,-79.199,Fresno,36.74773,-119.77237,3513.683728,15000,351.3683728,382,red,424,0
Pennsylvania,Timblin,40.9673,-79.199,Hamburg,40.5009,-75.9699,277.0440943,14000,27.70440943,382,orange,424,1
Pennsylvania,Timblin,40.9673,-79.199,Indy,39.997263,-86.34583,614.0034836,12000,61.40034836,382,purple,424,0
Pennsylvania,Timblin,40.9673,-79.199,Macon,32.84069,-83.6324,985.8172652,22000,98.58172652,382,pink,424,0
Pennsylvania,Timblin,40.9673,-79.199,Olathe,38.8814,-94.81913,1350.561149,13000,135.0561149,382,green,424,0
Pennsylvania,Timblin,40.9673,-79.199,SLC,40.76078,-111.89105,2733.877695,2500,273.3877695,382,blue,424,0
South Carolina,Cope,33.3777,-81.0079,Charlotte,35.22709,-80.84313,206.2636047,4000,20.62636047,16,gray,18,1
South Carolina,Cope,33.3777,-81.0079,Fresno,36.74773,-119.77237,3525.1257,15000,352.51257,16,red,18,0
South Carolina,Cope,33.3777,-81.0079,Hamburg,40.5009,-75.9699,909.737935,14000,90.9737935,16,orange,18,0
South Carolina,Cope,33.3777,-81.0079,Indy,39.997263,-86.34583,876.4061043,12000,87.64061043,16,purple,18,0
South Carolina,Cope,33.3777,-81.0079,Macon,32.84069,-83.6324,251.7051687,22000,25.17051687,16,pink,18,0
South Carolina,Cope,33.3777,-81.0079,Olathe,38.8814,-94.81913,1381.529766,13000,138.1529766,16,green,18,0
South Carolina,Cope,33.3777,-81.0079,SLC,40.76078,-111.89105,2844.582731,2500,284.4582731,16,blue,18,0
South Carolina,Murrells Inlet,33.556,-79.0594,Charlotte,35.22709,-80.84313,247.6878771,4000,24.76878771,445,gray,494,1
South Carolina,Murrells Inlet,33.556,-79.0594,Fresno,36.74773,-119.77237,3691.873622,15000,369.1873622,445,red,494,0
South Carolina,Murrells Inlet,33.556,-79.0594,Hamburg,40.5009,-75.9699,819.593688,14000,81.9593688,445,orange,494,0
South Carolina,Murrells Inlet,33.556,-79.0594,Indy,39.997263,-86.34583,966.0947301,12000,96.60947301,445,purple,494,0
South Carolina,Murrells Inlet,33.556,-79.0594,Macon,32.84069,-83.6324,432.9646933,22000,43.29646933,445,pink,494,0
South Carolina,Murrells Inlet,33.556,-79.0594,Olathe,38.8814,-94.81913,1530.595045,13000,153.0595045,445,green,494,0
South Carolina,Murrells Inlet,33.556,-79.0594,SLC,40.76078,-111.89105,2999.376806,2500,299.9376806,445,blue,494,0
South Carolina,Olar,33.1799,-81.1854,Charlotte,35.22709,-80.84313,229.8746057,4000,22.98746057,194,gray,216,1
South Carolina,Olar,33.1799,-81.1854,Fresno,36.74773,-119.77237,3515.955242,15000,351.5955242,194,red,216,0
South Carolina,Olar,33.1799,-81.1854,Hamburg,40.5009,-75.9699,936.918369,14000,93.6918369,194,orange,216,0
South Carolina,Olar,33.1799,-81.1854,Indy,39.997263,-86.34583,886.9634925,12000,88.69634925,194,purple,216,0
South Carolina,Olar,33.1799,-81.1854,Macon,32.84069,-83.6324,231.3339284,22000,23.13339284,194,pink,216,0
South Carolina,Olar,33.1799,-81.1854,Olathe,38.8814,-94.81913,1378.589401,13000,137.8589401,194,green,216,0
South Carolina,Olar,33.1799,-81.1854,SLC,40.76078,-111.89105,2839.374375,2500,283.9374375,194,blue,216,0
South Dakota,Bryant,44.5899,-97.4673,Charlotte,35.22709,-80.84313,1754.044143,4000,175.4044143,473,gray,525,0
South Dakota,Bryant,44.5899,-97.4673,Fresno,36.74773,-119.77237,2065.224099,15000,206.5224099,473,red,525,0
South Dakota,Bryant,44.5899,-97.4673,Hamburg,40.5009,-75.9699,1813.540644,14000,181.3540644,473,orange,525,0
South Dakota,Bryant,44.5899,-97.4673,Indy,39.997263,-86.34583,1046.666462,12000,104.6666462,473,purple,525,0
South Dakota,Bryant,44.5899,-97.4673,Macon,32.84069,-83.6324,1769.750807,22000,176.9750807,473,pink,525,0
South Dakota,Bryant,44.5899,-97.4673,Olathe,38.8814,-94.81913,671.8208072,13000,67.18208072,473,green,525,1
South Dakota,Bryant,44.5899,-97.4673,SLC,40.76078,-111.89105,1251.985646,2500,125.1985646,473,blue,525,0
South Dakota,Hot Springs,43.4195,-103.4657,Charlotte,35.22709,-80.84313,2140.116026,4000,214.0116026,652,gray,724,0
South Dakota,Hot Springs,43.4195,-103.4657,Fresno,36.74773,-119.77237,1569.814445,15000,156.9814445,652,red,724,0
South Dakota,Hot Springs,43.4195,-103.4657,Hamburg,40.5009,-75.9699,2286.667819,14000,228.6667819,652,orange,724,0
South Dakota,Hot Springs,43.4195,-103.4657,Indy,39.997263,-86.34583,1468.711093,12000,146.8711093,652,purple,724,0
South Dakota,Hot Springs,43.4195,-103.4657,Macon,32.84069,-83.6324,2088.03731,22000,208.803731,652,pink,724,0
South Dakota,Hot Springs,43.4195,-103.4657,Olathe,38.8814,-94.81913,881.9911486,13000,88.19911486,652,green,724,0
South Dakota,Hot Springs,43.4195,-103.4657,SLC,40.76078,-111.89105,755.2592526,2500,75.52592526,652,blue,724,1
South Dakota,Long Lake Colony,45.604,-98.8253,Charlotte,35.22709,-80.84313,1903.436117,4000,190.3436117,401,gray,446,0
South Dakota,Long Lake Colony,45.604,-98.8253,Fresno,36.74773,-119.77237,2002.699521,15000,200.2699521,401,red,446,0
South Dakota,Long Lake Colony,45.604,-98.8253,Hamburg,40.5009,-75.9699,1934.783481,14000,193.4783481,401,orange,446,0
South Dakota,Long Lake Colony,45.604,-98.8253,Indy,39.997263,-86.34583,1192.205111,12000,119.2205111,401,purple,446,0
South Dakota,Long Lake Colony,45.604,-98.8253,Macon,32.84069,-83.6324,1924.577618,22000,192.4577618,401,pink,446,0
South Dakota,Long Lake Colony,45.604,-98.8253,Olathe,38.8814,-94.81913,817.009535,13000,81.7009535,401,green,446,1
South Dakota,Long Lake Colony,45.604,-98.8253,SLC,40.76078,-111.89105,1186.7978,2500,118.67978,401,blue,446,0
South Dakota,Roswell,44.006,-97.6975,Charlotte,35.22709,-80.84313,1737.938013,4000,173.7938013,848,gray,942,0
South Dakota,Roswell,44.006,-97.6975,Fresno,36.74773,-119.77237,2029.156561,15000,202.9156561,848,red,942,0
South Dakota,Roswell,44.006,-97.6975,Hamburg,40.5009,-75.9699,1825.104433,14000,182.5104433,848,orange,942,0
South Dakota,Roswell,44.006,-97.6975,Indy,39.997263,-86.34583,1037.645355,12000,103.7645355,848,purple,942,0
South Dakota,Roswell,44.006,-97.6975,Macon,32.84069,-83.6324,1740.089407,22000,174.0089407,848,pink,942,0
South Dakota,Roswell,44.006,-97.6975,Olathe,38.8814,-94.81913,618.3634425,13000,61.83634425,848,green,942,1
South Dakota,Roswell,44.006,-97.6975,SLC,40.76078,-111.89105,1218.910907,2500,121.8910907,848,blue,942,0
Tennessee,Decatur,35.529,-84.7933,Charlotte,35.22709,-80.84313,359.7914742,4000,35.97914742,721,gray,801,0
Tennessee,Decatur,35.529,-84.7933,Fresno,36.74773,-119.77237,3127.544972,15000,312.7544972,721,red,801,0
Tennessee,Decatur,35.529,-84.7933,Hamburg,40.5009,-75.9699,949.8346786,14000,94.98346786,721,orange,801,0
Tennessee,Decatur,35.529,-84.7933,Indy,39.997263,-86.34583,515.3866758,12000,51.53866758,721,purple,801,0
Tennessee,Decatur,35.529,-84.7933,Macon,32.84069,-83.6324,317.5184474,22000,31.75184474,721,pink,801,1
Tennessee,Decatur,35.529,-84.7933,Olathe,38.8814,-94.81913,962.6023199,13000,96.26023199,721,green,801,0
Tennessee,Decatur,35.529,-84.7933,SLC,40.76078,-111.89105,2430.229941,2500,243.0229941,721,blue,801,0
Tennessee,Fairview,35.9815,-87.1291,Charlotte,35.22709,-80.84313,574.5331035,4000,57.45331035,1168,gray,1298,0
Tennessee,Fairview,35.9815,-87.1291,Fresno,36.74773,-119.77237,2910.834899,15000,291.0834899,1168,red,1298,0
Tennessee,Fairview,35.9815,-87.1291,Hamburg,40.5009,-75.9699,1095.68639,14000,109.568639,1168,orange,1298,0
Tennessee,Fairview,35.9815,-87.1291,Indy,39.997263,-86.34583,451.9133552,12000,45.19133552,1168,purple,1298,1
Tennessee,Fairview,35.9815,-87.1291,Macon,32.84069,-83.6324,474.2732015,22000,47.42732015,1168,pink,1298,0
Tennessee,Fairview,35.9815,-87.1291,Olathe,38.8814,-94.81913,751.5729793,13000,75.15729793,1168,green,1298,0
Tennessee,Fairview,35.9815,-87.1291,SLC,40.76078,-111.89105,2215.722379,2500,221.5722379,1168,blue,1298,0
Tennessee,Tennessee Ridge,36.3194,-87.7631,Charlotte,35.22709,-80.84313,636.049728,4000,63.6049728,365,gray,406,0
Tennessee,Tennessee Ridge,36.3194,-87.7631,Fresno,36.74773,-119.77237,2847.7453,15000,284.77453,365,red,406,0
Tennessee,Tennessee Ridge,36.3194,-87.7631,Hamburg,40.5009,-75.9699,1126.962703,14000,112.6962703,365,orange,406,0
Tennessee,Tennessee Ridge,36.3194,-87.7631,Indy,39.997263,-86.34583,427.4373314,12000,42.74373314,365,purple,406,1
Tennessee,Tennessee Ridge,36.3194,-87.7631,Macon,32.84069,-83.6324,541.0119258,22000,54.10119258,365,pink,406,0
Tennessee,Tennessee Ridge,36.3194,-87.7631,Olathe,38.8814,-94.81913,683.7433357,13000,68.37433357,365,green,406,0
Tennessee,Tennessee Ridge,36.3194,-87.7631,SLC,40.76078,-111.89105,2149.089255,2500,214.9089255,365,blue,406,0
Tennessee,Williston,35.1585,-89.3754,Charlotte,35.22709,-80.84313,775.3734625,4000,77.53734625,507,gray,563,0
Tennessee,Williston,35.1585,-89.3754,Fresno,36.74773,-119.77237,2731.193317,15000,273.1193317,507,red,563,0
Tennessee,Williston,35.1585,-89.3754,Hamburg,40.5009,-75.9699,1317.16592,14000,131.716592,507,orange,563,0
Tennessee,Williston,35.1585,-89.3754,Indy,39.997263,-86.34583,600.7282394,12000,60.07282394,507,purple,563,0
Tennessee,Williston,35.1585,-89.3754,Macon,32.84069,-83.6324,588.8659061,22000,58.88659061,507,pink,563,1
Tennessee,Williston,35.1585,-89.3754,Olathe,38.8814,-94.81913,636.3295651,13000,63.63295651,507,green,563,0
Tennessee,Williston,35.1585,-89.3754,SLC,40.76078,-111.89105,2063.827988,2500,206.3827988,507,blue,563,0
Texas,Bartonville,33.079,-97.1507,Charlotte,35.22709,-80.84313,1518.171367,4000,151.8171367,473,gray,526,0
Texas,Bartonville,33.079,-97.1507,Fresno,36.74773,-119.77237,2098.096066,15000,209.8096066,473,red,526,0
Texas,Bartonville,33.079,-97.1507,Hamburg,40.5009,-75.9699,2052.61409,14000,205.261409,473,orange,526,0
Texas,Bartonville,33.079,-97.1507,Indy,39.997263,-86.34583,1233.122898,12000,123.3122898,473,purple,526,0
Texas,Bartonville,33.079,-97.1507,Macon,32.84069,-83.6324,1261.037958,22000,126.1037958,473,pink,526,0
Texas,Bartonville,33.079,-97.1507,Olathe,38.8814,-94.81913,678.5900113,13000,67.85900113,473,green,526,1
Texas,Bartonville,33.079,-97.1507,SLC,40.76078,-111.89105,1561.371361,2500,156.1371361,473,blue,526,0
Texas,Bigfoot,29.0619,-98.8521,Charlotte,35.22709,-80.84313,1825.950884,4000,182.5950884,561,gray,623,0
Texas,Bigfoot,29.0619,-98.8521,Fresno,36.74773,-119.77237,2126.509901,15000,212.6509901,561,red,623,0
Texas,Bigfoot,29.0619,-98.8521,Hamburg,40.5009,-75.9699,2436.007064,14000,243.6007064,561,orange,623,0
Texas,Bigfoot,29.0619,-98.8521,Indy,39.997263,-86.34583,1667.772892,12000,166.7772892,561,purple,623,0
Texas,Bigfoot,29.0619,-98.8521,Macon,32.84069,-83.6324,1509.827466,22000,150.9827466,561,pink,623,0
Texas,Bigfoot,29.0619,-98.8521,Olathe,38.8814,-94.81913,1153.484478,13000,115.3484478,561,green,623,1
Texas,Bigfoot,29.0619,-98.8521,SLC,40.76078,-111.89105,1758.872566,2500,175.8872566,561,blue,623,0
Texas,Chaparrito,26.3408,-98.7354,Charlotte,35.22709,-80.84313,1970.23334,4000,197.023334,1049,gray,1165,0
Texas,Chaparrito,26.3408,-98.7354,Fresno,36.74773,-119.77237,2298.040751,15000,229.8040751,1049,red,1165,0
Texas,Chaparrito,26.3408,-98.7354,Hamburg,40.5009,-75.9699,2622.377305,14000,262.2377305,1049,orange,1165,0
Texas,Chaparrito,26.3408,-98.7354,Indy,39.997263,-86.34583,1903.171194,12000,190.3171194,1049,purple,1165,0
Texas,Chaparrito,26.3408,-98.7354,Macon,32.84069,-83.6324,1627.607939,22000,162.7607939,1049,pink,1165,0
Texas,Chaparrito,26.3408,-98.7354,Olathe,38.8814,-94.81913,1441.921618,13000,144.1921618,1049,green,1165,1
Texas,Chaparrito,26.3408,-98.7354,SLC,40.76078,-111.89105,2009.854904,2500,200.9854904,1049,blue,1165,0
Texas,Fort Davis,30.5789,-103.8946,Charlotte,35.22709,-80.84313,2208.425365,4000,220.8425365,624,gray,693,0
Texas,Fort Davis,30.5789,-103.8946,Fresno,36.74773,-119.77237,1619.368747,15000,161.9368747,624,red,693,0
Texas,Fort Davis,30.5789,-103.8946,Hamburg,40.5009,-75.9699,2742.638194,14000,274.2638194,624,orange,693,0
Texas,Fort Davis,30.5789,-103.8946,Indy,39.997263,-86.34583,1901.329059,12000,190.1329059,624,purple,693,0
Texas,Fort Davis,30.5789,-103.8946,Macon,32.84069,-83.6324,1930.731092,22000,193.0731092,624,pink,693,0
Texas,Fort Davis,30.5789,-103.8946,Olathe,38.8814,-94.81913,1240.034306,13000,124.0034306,624,green,693,1
Texas,Fort Davis,30.5789,-103.8946,SLC,40.76078,-111.89105,1341.992583,2500,134.1992583,624,blue,693,0
Texas,Goodrich,30.6092,-94.9467,Charlotte,35.22709,-80.84313,1411.832887,4000,141.1832887,905,gray,1005,0
Texas,Goodrich,30.6092,-94.9467,Fresno,36.74773,-119.77237,2389.356999,15000,238.9356999,905,red,1005,0
Texas,Goodrich,30.6092,-94.9467,Hamburg,40.5009,-75.9699,2032.662264,14000,203.2662264,905,orange,1005,0
Texas,Goodrich,30.6092,-94.9467,Indy,39.997263,-86.34583,1302.375507,12000,130.2375507,905,purple,1005,0
Texas,Goodrich,30.6092,-94.9467,Macon,32.84069,-83.6324,1098.235637,22000,109.8235637,905,pink,1005,0
Texas,Goodrich,30.6092,-94.9467,Olathe,38.8814,-94.81913,920.1889829,13000,92.01889829,905,green,1005,1
Texas,Goodrich,30.6092,-94.9467,SLC,40.76078,-111.89105,1896.565559,2500,189.6565559,905,blue,1005,0
Texas,Grey Forest,29.6171,-98.6835,Charlotte,35.22709,-80.84313,1784.285631,4000,178.4285631,519,gray,577,0
Texas,Grey Forest,29.6171,-98.6835,Fresno,36.74773,-119.77237,2111.564357,15000,211.1564357,519,red,577,0
Texas,Grey Forest,29.6171,-98.6835,Hamburg,40.5009,-75.9699,2385.732282,14000,238.5732282,519,orange,577,0
Texas,Grey Forest,29.6171,-98.6835,Indy,39.997263,-86.34583,1610.1441,12000,161.01441,519,purple,577,0
Texas,Grey Forest,29.6171,-98.6835,Macon,32.84069,-83.6324,1474.311132,22000,147.4311132,519,pink,577,0
Texas,Grey Forest,29.6171,-98.6835,Olathe,38.8814,-94.81913,1089.690295,13000,108.9690295,519,green,577,1
Texas,Grey Forest,29.6171,-98.6835,SLC,40.76078,-111.89105,1721.73431,2500,172.173431,519,blue,577,0
Texas,Los Indios,26.0493,-97.7351,Charlotte,35.22709,-80.84313,1907.637832,4000,190.7637832,374,gray,416,0
Texas,Los Indios,26.0493,-97.7351,Fresno,36.74773,-119.77237,2398.286719,15000,239.8286719,374,red,416,0
Texas,Los Indios,26.0493,-97.7351,Hamburg,40.5009,-75.9699,2572.068251,14000,257.2068251,374,orange,416,0
Texas,Los Indios,26.0493,-97.7351,Indy,39.997263,-86.34583,1876.526565,12000,187.6526565,374,purple,416,0
Texas,Los Indios,26.0493,-97.7351,Macon,32.84069,-83.6324,1558.868607,22000,155.8868607,374,pink,416,0
Texas,Los Indios,26.0493,-97.7351,Olathe,38.8814,-94.81913,1453.068134,13000,145.3068134,374,green,416,1
Texas,Los Indios,26.0493,-97.7351,SLC,40.76078,-111.89105,2093.03076,2500,209.303076,374,blue,416,0
Texas,Thompsonville,27.2601,-98.7847,Charlotte,35.22709,-80.84313,1918.361524,4000,191.8361524,468,gray,520,0
Texas,Thompsonville,27.2601,-98.7847,Fresno,36.74773,-119.77237,2236.234647,15000,223.6234647,468,red,520,0
Texas,Thompsonville,27.2601,-98.7847,Hamburg,40.5009,-75.9699,2557.838897,14000,255.7838897,468,orange,520,0
Texas,Thompsonville,27.2601,-98.7847,Indy,39.997263,-86.34583,1822.082109,12000,182.2082109,468,purple,520,0
Texas,Thompsonville,27.2601,-98.7847,Macon,32.84069,-83.6324,1583.362046,22000,158.3362046,468,pink,520,0
Texas,Thompsonville,27.2601,-98.7847,Olathe,38.8814,-94.81913,1344.042715,13000,134.4042715,468,green,520,1
Texas,Thompsonville,27.2601,-98.7847,SLC,40.76078,-111.89105,1922.84004,2500,192.284004,468,blue,520,0
Utah,Springville,40.1638,-111.6205,Charlotte,35.22709,-80.84313,2749.463235,4000,274.9463235,412,gray,458,0
Utah,Springville,40.1638,-111.6205,Fresno,36.74773,-119.77237,804.8522225,15000,80.48522225,412,red,458,0
Utah,Springville,40.1638,-111.6205,Hamburg,40.5009,-75.9699,3002.214103,14000,300.2214103,412,orange,458,0
Utah,Springville,40.1638,-111.6205,Indy,39.997263,-86.34583,2143.80853,12000,214.380853,412,purple,458,0
Utah,Springville,40.1638,-111.6205,Macon,32.84069,-83.6324,2618.854441,22000,261.8854441,412,pink,458,0
Utah,Springville,40.1638,-111.6205,Olathe,38.8814,-94.81913,1446.41092,13000,144.641092,412,green,458,0
Utah,Springville,40.1638,-111.6205,SLC,40.76078,-111.89105,70.23839313,2500,7.023839313,412,blue,458,1
Utah,Washington,37.1303,-113.4878,Charlotte,35.22709,-80.84313,2924.147771,4000,292.4147771,334,gray,371,0
Utah,Washington,37.1303,-113.4878,Fresno,36.74773,-119.77237,560.2333772,15000,56.02333772,334,red,371,1
Utah,Washington,37.1303,-113.4878,Hamburg,40.5009,-75.9699,3248.486884,14000,324.8486884,334,orange,371,0
Utah,Washington,37.1303,-113.4878,Indy,39.997263,-86.34583,2372.718815,12000,237.2718815,334,purple,371,0
Utah,Washington,37.1303,-113.4878,Macon,32.84069,-83.6324,2750.556132,22000,275.0556132,334,pink,371,0
Utah,Washington,37.1303,-113.4878,Olathe,38.8814,-94.81913,1644.81548,13000,164.481548,334,green,371,0
Utah,Washington,37.1303,-113.4878,SLC,40.76078,-111.89105,426.7667111,2500,42.67667111,334,blue,371,0
Virginia,Cheriton,37.2919,-75.9678,Charlotte,35.22709,-80.84313,493.8176621,4000,49.38176621,707,gray,786,0
Virginia,Cheriton,37.2919,-75.9678,Fresno,36.74773,-119.77237,3855.106219,15000,385.5106219,707,red,786,0
Virginia,Cheriton,37.2919,-75.9678,Hamburg,40.5009,-75.9699,356.9365811,14000,35.69365811,707,orange,786,1
Virginia,Cheriton,37.2919,-75.9678,Indy,39.997263,-86.34583,949.7880995,12000,94.97880995,707,purple,786,0
Virginia,Cheriton,37.2919,-75.9678,Macon,32.84069,-83.6324,855.097173,22000,85.5097173,707,pink,786,0
Virginia,Cheriton,37.2919,-75.9678,Olathe,38.8814,-94.81913,1656.829817,13000,165.6829817,707,green,786,0
Virginia,Cheriton,37.2919,-75.9678,SLC,40.76078,-111.89105,3106.147529,2500,310.6147529,707,blue,786,0
Virginia,Cliftondale Park,37.825,-79.7981,Charlotte,35.22709,-80.84313,303.6803938,4000,30.36803938,550,gray,611,1
Virginia,Cliftondale Park,37.825,-79.7981,Fresno,36.74773,-119.77237,3512.3805,15000,351.23805,550,red,611,0
Virginia,Cliftondale Park,37.825,-79.7981,Hamburg,40.5009,-75.9699,444.4267788,14000,44.44267788,550,orange,611,0
Virginia,Cliftondale Park,37.825,-79.7981,Indy,39.997263,-86.34583,615.8624909,12000,61.58624909,550,purple,611,0
Virginia,Cliftondale Park,37.825,-79.7981,Macon,32.84069,-83.6324,654.380466,22000,65.4380466,550,pink,611,0
Virginia,Cliftondale Park,37.825,-79.7981,Olathe,38.8814,-94.81913,1313.992349,13000,131.3992349,550,green,611,0
Virginia,Cliftondale Park,37.825,-79.7981,SLC,40.76078,-111.89105,2766.342187,2500,276.6342187,550,blue,611,0
Virginia,Falls Mills,37.2773,-81.3067,Charlotte,35.22709,-80.84313,231.8034245,4000,23.18034245,126,gray,140,1
Virginia,Falls Mills,37.2773,-81.3067,Fresno,36.74773,-119.77237,3393.017615,15000,339.3017615,126,red,140,0
Virginia,Falls Mills,37.2773,-81.3067,Hamburg,40.5009,-75.9699,584.657148,14000,58.4657148,126,orange,140,0
Virginia,Falls Mills,37.2773,-81.3067,Indy,39.997263,-86.34583,532.0343738,12000,53.20343738,126,purple,140,0
Virginia,Falls Mills,37.2773,-81.3067,Macon,32.84069,-83.6324,536.9421818,22000,53.69421818,126,pink,140,0
Virginia,Falls Mills,37.2773,-81.3067,Olathe,38.8814,-94.81913,1195.321322,13000,119.5321322,126,green,140,0
Virginia,Falls Mills,37.2773,-81.3067,SLC,40.76078,-111.89105,2657.599511,2500,265.7599511,126,blue,140,0
Washington,Camano,48.1865,-122.4708,Charlotte,35.22709,-80.84313,3690.069192,4000,369.0069192,808,gray,898,0
Washington,Camano,48.1865,-122.4708,Fresno,36.74773,-119.77237,1291.229425,15000,129.1229425,808,red,898,1
Washington,Camano,48.1865,-122.4708,Hamburg,40.5009,-75.9699,3736.200181,14000,373.6200181,808,orange,898,0
Washington,Camano,48.1865,-122.4708,Indy,39.997263,-86.34583,2994.822364,12000,299.4822364,808,purple,898,0
Washington,Camano,48.1865,-122.4708,Macon,32.84069,-83.6324,3649.055585,22000,364.9055585,808,pink,898,0
Washington,Camano,48.1865,-122.4708,Olathe,38.8814,-94.81913,2440.575641,13000,244.0575641,808,green,898,0
Washington,Camano,48.1865,-122.4708,SLC,40.76078,-111.89105,1175.803924,2500,117.5803924,808,blue,898,0
Washington,Marblemount,48.5418,-121.4397,Charlotte,35.22709,-80.84313,3620.229762,4000,362.0229762,144,gray,160,0
Washington,Marblemount,48.5418,-121.4397,Fresno,36.74773,-119.77237,1318.837374,15000,131.8837374,144,red,160,1
Washington,Marblemount,48.5418,-121.4397,Hamburg,40.5009,-75.9699,3657.534287,14000,365.7534287,144,orange,160,0
Washington,Marblemount,48.5418,-121.4397,Indy,39.997263,-86.34583,2922.303388,12000,292.2303388,144,purple,160,0
Washington,Marblemount,48.5418,-121.4397,Macon,32.84069,-83.6324,3584.93476,22000,358.493476,144,pink,160,0
Washington,Marblemount,48.5418,-121.4397,Olathe,38.8814,-94.81913,2378.060103,13000,237.8060103,144,green,160,0
Washington,Marblemount,48.5418,-121.4397,SLC,40.76078,-111.89105,1147.102094,2500,114.7102094,144,blue,160,0
Washington,South Bend,46.6678,-123.8006,Charlotte,35.22709,-80.84313,3772.867567,4000,377.2867567,353,gray,392,0
Washington,South Bend,46.6678,-123.8006,Fresno,36.74773,-119.77237,1152.57525,15000,115.257525,353,red,392,1
Washington,South Bend,46.6678,-123.8006,Hamburg,40.5009,-75.9699,3853.352646,14000,385.3352646,353,orange,392,0
Washington,South Bend,46.6678,-123.8006,Indy,39.997263,-86.34583,3088.531359,12000,308.8531359,353,purple,392,0
Washington,South Bend,46.6678,-123.8006,Macon,32.84069,-83.6324,3712.815895,22000,371.2815895,353,pink,392,0
Washington,South Bend,46.6678,-123.8006,Olathe,38.8814,-94.81913,2502.55238,13000,250.255238,353,green,392,0
Washington,South Bend,46.6678,-123.8006,SLC,40.76078,-111.89105,1159.247372,2500,115.9247372,353,blue,392,0
Washington,Woodway,47.7904,-122.3851,Charlotte,35.22709,-80.84313,3678.262171,4000,367.8262171,240,gray,267,0
Washington,Woodway,47.7904,-122.3851,Fresno,36.74773,-119.77237,1246.75683,15000,124.675683,240,red,267,1
Washington,Woodway,47.7904,-122.3851,Hamburg,40.5009,-75.9699,3733.46371,14000,373.346371,240,orange,267,0
Washington,Woodway,47.7904,-122.3851,Indy,39.997263,-86.34583,2985.549752,12000,298.5549752,240,purple,267,0
Washington,Woodway,47.7904,-122.3851,Macon,32.84069,-83.6324,3632.774862,22000,363.2774862,240,pink,267,0
Washington,Woodway,47.7904,-122.3851,Olathe,38.8814,-94.81913,2423.462154,13000,242.3462154,240,green,267,0
Washington,Woodway,47.7904,-122.3851,SLC,40.76078,-111.89105,1142.587033,2500,114.2587033,240,blue,267,0
West Virginia,Man,37.7522,-81.8923,Charlotte,35.22709,-80.84313,296.116996,4000,29.6116996,1220,gray,1355,1
West Virginia,Man,37.7522,-81.8923,Fresno,36.74773,-119.77237,3332.661147,15000,333.2661147,1220,red,1355,0
West Virginia,Man,37.7522,-81.8923,Hamburg,40.5009,-75.9699,595.2989964,14000,59.52989964,1220,orange,1355,0
West Virginia,Man,37.7522,-81.8923,Indy,39.997263,-86.34583,459.348234,12000,45.9348234,1220,purple,1355,0
West Virginia,Man,37.7522,-81.8923,Macon,32.84069,-83.6324,568.6534218,22000,56.86534218,1220,pink,1355,0
West Virginia,Man,37.7522,-81.8923,Olathe,38.8814,-94.81913,1134.130093,13000,113.4130093,1220,green,1355,0
West Virginia,Man,37.7522,-81.8923,SLC,40.76078,-111.89105,2592.515018,2500,259.2515018,1220,blue,1355,0
West Virginia,Martinsburg,39.4582,-77.9776,Charlotte,35.22709,-80.84313,534.4292793,4000,53.44292793,762,gray,847,0
West Virginia,Martinsburg,39.4582,-77.9776,Fresno,36.74773,-119.77237,3637.86399,15000,363.786399,762,red,847,0
West Virginia,Martinsburg,39.4582,-77.9776,Hamburg,40.5009,-75.9699,206.7122669,14000,20.67122669,762,orange,847,1
West Virginia,Martinsburg,39.4582,-77.9776,Indy,39.997263,-86.34583,718.1060989,12000,71.81060989,762,purple,847,0
West Virginia,Martinsburg,39.4582,-77.9776,Macon,32.84069,-83.6324,893.8262397,22000,89.38262397,762,pink,847,0
West Virginia,Martinsburg,39.4582,-77.9776,Olathe,38.8814,-94.81913,1451.616617,13000,145.1616617,762,green,847,0
West Virginia,Martinsburg,39.4582,-77.9776,SLC,40.76078,-111.89105,2870.67661,2500,287.067661,762,blue,847,0
West Virginia,Sprague,37.7938,-81.1822,Charlotte,35.22709,-80.84313,287.0987926,4000,28.70987926,537,gray,597,1
West Virginia,Sprague,37.7938,-81.1822,Fresno,36.74773,-119.77237,3393.343094,15000,339.3343094,537,red,597,0
West Virginia,Sprague,37.7938,-81.1822,Hamburg,40.5009,-75.9699,540.9790636,14000,54.09790636,537,orange,597,0
West Virginia,Sprague,37.7938,-81.1822,Indy,39.997263,-86.34583,509.6695366,12000,50.96695366,537,purple,597,0
West Virginia,Sprague,37.7938,-81.1822,Macon,32.84069,-83.6324,594.0542803,22000,59.40542803,537,pink,597,0
West Virginia,Sprague,37.7938,-81.1822,Olathe,38.8814,-94.81913,1194.762685,13000,119.4762685,537,green,597,0
West Virginia,Sprague,37.7938,-81.1822,SLC,40.76078,-111.89105,2650.93687,2500,265.093687,537,blue,597,0
Wisconsin,Hustisford,43.3441,-88.6031,Charlotte,35.22709,-80.84313,1122.02516,4000,112.202516,313,gray,348,0
Wisconsin,Hustisford,43.3441,-88.6031,Fresno,36.74773,-119.77237,2735.902763,15000,273.5902763,313,red,348,0
Wisconsin,Hustisford,43.3441,-88.6031,Hamburg,40.5009,-75.9699,1091.053417,14000,109.1053417,313,orange,348,0
Wisconsin,Hustisford,43.3441,-88.6031,Indy,39.997263,-86.34583,416.7998205,12000,41.67998205,313,purple,348,1
Wisconsin,Hustisford,43.3441,-88.6031,Macon,32.84069,-83.6324,1246.070993,22000,124.6070993,313,pink,348,0
Wisconsin,Hustisford,43.3441,-88.6031,Olathe,38.8814,-94.81913,719.1582915,13000,71.91582915,313,green,348,0
Wisconsin,Hustisford,43.3441,-88.6031,SLC,40.76078,-111.89105,1938.258087,2500,193.8258087,313,blue,348,0
Wisconsin,Prairie du Sac,43.292,-89.7353,Charlotte,35.22709,-80.84313,1178.058451,4000,117.8058451,622,gray,691,0
Wisconsin,Prairie du Sac,43.292,-89.7353,Fresno,36.74773,-119.77237,2644.135723,15000,264.4135723,622,red,691,0
Wisconsin,Prairie du Sac,43.292,-89.7353,Hamburg,40.5009,-75.9699,1179.668849,14000,117.9668849,622,orange,691,0
Wisconsin,Prairie du Sac,43.292,-89.7353,Indy,39.997263,-86.34583,462.1597778,12000,46.21597778,622,purple,691,1
Wisconsin,Prairie du Sac,43.292,-89.7353,Macon,32.84069,-83.6324,1278.540765,22000,127.8540765,622,pink,691,0
Wisconsin,Prairie du Sac,43.292,-89.7353,Olathe,38.8814,-94.81913,649.6036327,13000,64.96036327,622,green,691,0
Wisconsin,Prairie du Sac,43.292,-89.7353,SLC,40.76078,-111.89105,1846.558976,2500,184.6558976,622,blue,691,0
Wisconsin,Reserve,45.8337,-91.3545,Charlotte,35.22709,-80.84313,1474.245817,4000,147.4245817,969,gray,1077,0
Wisconsin,Reserve,45.8337,-91.3545,Fresno,36.74773,-119.77237,2563.590929,15000,256.3590929,969,red,1077,0
Wisconsin,Reserve,45.8337,-91.3545,Hamburg,40.5009,-75.9699,1378.807784,14000,137.8807784,969,orange,1077,0
Wisconsin,Reserve,45.8337,-91.3545,Indy,39.997263,-86.34583,766.3846079,12000,76.63846079,969,purple,1077,1
Wisconsin,Reserve,45.8337,-91.3545,Macon,32.84069,-83.6324,1588.698904,22000,158.8698904,969,pink,1077,0
Wisconsin,Reserve,45.8337,-91.3545,Olathe,38.8814,-94.81913,823.8526581,13000,82.38526581,969,green,1077,0
Wisconsin,Reserve,45.8337,-91.3545,SLC,40.76078,-111.89105,1749.780518,2500,174.9780518,969,blue,1077,0
Wyoming,Granger,41.5979,-109.9652,Charlotte,35.22709,-80.84313,2621.23398,4000,262.123398,1149,gray,1277,0
Wyoming,Granger,41.5979,-109.9652,Fresno,36.74773,-119.77237,1002.114278,15000,100.2114278,1149,red,1277,0
Wyoming,Granger,41.5979,-109.9652,Hamburg,40.5009,-75.9699,2835.749786,14000,283.5749786,1149,orange,1277,0
Wyoming,Granger,41.5979,-109.9652,Indy,39.997263,-86.34583,1990.536449,12000,199.0536449,1149,purple,1277,0
Wyoming,Granger,41.5979,-109.9652,Macon,32.84069,-83.6324,2514.881655,22000,251.4881655,1149,pink,1277,0
Wyoming,Granger,41.5979,-109.9652,Olathe,38.8814,-94.81913,1319.133785,13000,131.9133785,1149,green,1277,0
Wyoming,Granger,41.5979,-109.9652,SLC,40.76078,-111.89105,186.1762267,2500,18.61762267,1149,blue,1277,1
